s_ID,song_name,country,artist,p_year,final_place,performance_vid
S001,22,Republic of Ireland,Sarah McTernan,2019,41,https://youtube.com/watch?v=lX7DT9GMHQM
S002,1944,Ukraine,Jamala,2016,1,https://youtube.com/watch?v=B-rnM-MwRHY
S003,10 Years,Iceland,Daa°i & Gagnamagnia°,2021,4,https://youtube.com/watch?v=YSMhu-PrLME
S004,A Matter of Time,Belgium,Sennek,2018,31,https://youtube.com/watch?v=Z2cZE2gCfWg
S005,A Million Voices,Russia,Polina Gagarina,2015,2,https://youtube.com/watch?v=Q2gbKglCL5s
S006,A Monster Like Me,Norway,Ma¸rland & Debrah Scarlett,2015,8,https://youtube.com/watch?v=oVKJK9yb5xY
S007,Adio,Montenegro,Knez,2015,13,https://youtube.com/watch?v=vrYmyTJ87vI
S008,Adrenalina,San Marino,Senhit feat. Flo Rida,2021,22,https://youtube.com/watch?v=TkhiH-JXFPs
S009,Aina Mun Pitaa,Finland,Pertti Kurikan Nimipaivat,2015,38,https://youtube.com/watch?v=v4Y0HOPL5GU
S010,Alcohol Is Free,Greece,Koza Mostra feat. Agathon Iakovidis,2013,6,https://youtube.com/watch?v=_AfrOZersNk
S011,Alcohol You,Romania,Roxen,2020,,https://youtube.com/watch?v=TmqSU3v_Mtw
S012,Alive,Austria,Vincent Bueno,2020,,https://youtube.com/watch?v=cOuiTJlBC50
S013,All Of My Love,Malta,Destiny,2020,,https://youtube.com/watch?v=CFCn_8oViRw
S014,Alter Ego,Cyprus,Minus One,2016,21,https://youtube.com/watch?v=idUxTqmCFR0
S015,Always,Azerbaijan,AySel & Arash,2009,3,https://youtube.com/watch?v=9OEIOS1oUeY
S016,Amanecer,Spain,Edurne,2015,21,https://youtube.com/watch?v=NsMiJJlElAY
S017,Amar Pelos Dois,Portugal,Salvador Sobral,2017,1,https://youtube.com/watch?v=Qotooj7ODCM
S018,Amazing,Estonia,Tanja,2014,30,https://youtube.com/watch?v=wi9Q1ufjooE
S019,Amen,Austria,Vincent Bueno,2021,30,https://youtube.com/watch?v=xV9_pKj8Df8
S020,Amen,Slovenia,Ana Soklia,2021,32,https://youtube.com/watch?v=J9jWDxKQ50s
S021,Amnesia,Romania,Roxen,2021,28,https://youtube.com/watch?v=5ZWcsj_6Log
S022,An Me Thimasai,Cyprus,Despina Olympiou,2013,38,https://youtube.com/watch?v=Ekx8mT-fR80
S023,Angel,Ukraine,Mika Newton,2011,4,https://youtube.com/watch?v=g_xRmEkR6KE
S024,Angel In Disguise,Latvia,Musiqq,2011,39,https://youtube.com/watch?v=qBTMLCloxBw
S025,Angel Si Ti,Bulgaria,Miro,2010,36,https://youtube.com/watch?v=YTyTL04vlEw
S026,Aphrodisiac,Greece,Eleftheria Eleftheriou,2012,17,https://youtube.com/watch?v=NreIi8ma_PY
S027,Apollo,Switzerland,Timebelle,2017,29,https://youtube.com/watch?v=OrNPRfS9Sbg
S028,Apricot Stone,Armenia,Eva Rivas,2010,7,https://youtube.com/watch?v=hgz5TZugISw
S029,Arcade,Netherlands,Duncan Laurence,2019,1,https://youtube.com/watch?v=R3D-r4ogr7s
S030,Attention,Lithuania,Vilija Mataaia«naita—,2014,28,https://youtube.com/watch?v=qOGEtw7tmik
S031,Attention,Norway,Ulrikke Brandstorp,2020,,https://youtube.com/watch?v=o9atJbnqhJU
S032,Autumn Leaves,North Macedonia,Daniel Kajmakoski,2015,35,https://youtube.com/watch?v=TtSum7ouImU
S033,Aven Romale,Czech Republic,Gipsy.cz,2009,42,https://youtube.com/watch?v=JsjBPt-GeFc
S034,Be My Guest,Ukraine,Gaitana,2012,15,https://youtube.com/watch?v=sLsTn_li5d8
S035,Be my Valentine! (Anti-crisis Girl),Ukraine,Svetlana Loboda,2009,12,https://youtube.com/watch?v=rGJqLCuqssc
S036,Beautiful Mess,Bulgaria,Kristian Kostov,2017,2,https://youtube.com/watch?v=OMmm-G078LM
S037,Beautiful Song,Latvia,Anmary,2012,40,https://youtube.com/watch?v=KAxYfMFE_94
S038,Beauty Never Lies,Serbia,Bojana Stamenov,2015,10,https://youtube.com/watch?v=gXGo70i94S8
S039,Because of You,Belgium,Gustaph,2023,7,https://youtube.com/watch?v=ORhEoS6d8e4
S040,Believe Again,Denmark,Brinck,2009,13,https://youtube.com/watch?v=j7ZatW7tsxQ
S041,Believe In Me,United Kingdom,Bonnie Tyler,2013,19,https://youtube.com/watch?v=-agn-ERgTXA
S042,Better Love,Greece,Katerine Duska,2019,21,https://youtube.com/watch?v=5pQV_-40m_U
S043,Bigger Than Us,United Kingdom,Michael Rice,2019,26,https://youtube.com/watch?v=HV-eOhTS8Dw
S044,Birds,Netherlands,Anouk,2013,9,https://youtube.com/watch?v=n5iazXvMw5o
S045,Birth Of A New Age,Netherlands,Jeangu Macrooy,2021,23,https://youtube.com/watch?v=o3Da5cr2fTs
S046,Bistra Voda,Bosnia and Herzegovina,Regina,2009,9,https://youtube.com/watch?v=1770jHxvYi0
S047,Black Smoke,Germany,Ann Sophie,2015,27,https://youtube.com/watch?v=DGMJOchTRPc
S048,Blackbird,Finland,Norma John,2017,30,https://youtube.com/watch?v=Ufba0nOz0fQ
S049,Blood & Glitter,Germany,Lord Of The Lost,2023,26,https://youtube.com/watch?v=5I9CYu668jA
S050,Blue and Red,Slovenia,ManuElla,2016,33,https://youtube.com/watch?v=ulI3F1T82is
S051,Bones,Bulgaria,Equinox,2018,14,https://youtube.com/watch?v=vC-1tdGDFQc
S052,Boom Boom,Armenia,Emmy,2011,27,https://youtube.com/watch?v=zqJD7fPSWAc
S053,Boys Do Cry,Switzerland,Marius Bear,2022,17,https://youtube.com/watch?v=hq2HCmHv5p4
S054,Break a Broken Heart,Cyprus,Andrew Lambrou,2023,12,https://youtube.com/watch?v=zrFUKqTy4zI
S055,Breaking My Heart,Denmark,Reiley,2023,33,https://youtube.com/watch?v=04C8E7PUMQo
S056,Breathe,Montenegro,Vladana,2022,37,https://youtube.com/watch?v=L-ViRVRiGl0
S057,Breathlessly,Malta,Claudia Faniello,2017,38,https://youtube.com/watch?v=OXn-Ettr7yk
S058,Bridges,Estonia,Alika,2023,8,https://youtube.com/watch?v=wO9g5t3VSuw
S059,Brividi,Italy,Mahmood & Blanco,2022,6,https://youtube.com/watch?v=blEy4xHuMbY
S060,Burning Daylight,Netherlands,Mia Nicolai & Dion Cooper,2023,32,https://youtube.com/watch?v=UOf-oKDlO6A
S061,Butterflies,Belarus,3+2,2010,24,https://youtube.com/watch?v=5e0FQkgnm4Q
S062,Cake To Bake,Latvia,Aarzemnieki,2014,32,https://youtube.com/watch?v=h0D1Ya3NBQs
S063,Calm After The Storm,Netherlands,The Common Linnets,2014,2,https://youtube.com/watch?v=4ggBPAm5XLA
S064,Carpe Diem,Slovenia,Joker Out,2023,21,https://youtube.com/watch?v=zDBSIGITdY4
S065,Carry Me In Your Dreams,Albania,Kejsi Tola,2009,17,https://youtube.com/watch?v=w6Ori4A4ATo
S066,Celebrate,Croatia,Daria,2011,34,https://youtube.com/watch?v=wTJzolnObu0
S067,C'est Ma Vie,Lithuania,Evelina Saaenko,2011,19,https://youtube.com/watch?v=S3_aSVE4t3M
S068,Cha Cha Cha,Finland,Kaarija,2023,2,https://youtube.com/watch?v=rNrgQm5z07U
S069,Chain Of Lights,San Marino,Michele Perniola & Anita Simoncini,2015,39,https://youtube.com/watch?v=FE1KJYNvVAE
S070,Chains On You,Armenia,Athena Manoukian,2020,,https://youtube.com/watch?v=XpQHGMM8c5U
S071,Chameleon,Malta,Michela Pace,2019,14,https://youtube.com/watch?v=H-byNyainRA
S072,Change,Romania,Hotel FM,2011,17,https://youtube.com/watch?v=2a1Q_hpGLbs
S073,Cheesecake,Belarus,Teo,2014,16,https://youtube.com/watch?v=tImGMW-4eHY
S074,Children of the Universe,United Kingdom,Molly,2014,17,https://youtube.com/watch?v=C6w7tmWvm6M
S075,Cipela,Serbia,Marko Kon & Milaan,2009,26,https://youtube.com/watch?v=DRObP8XE4Ko
S076,Circles,North Macedonia,Andrea,2022,27,https://youtube.com/watch?v=zvOihqB4eKk
S077,City Lights,Belgium,Blanche,2017,4,https://youtube.com/watch?v=oxsCmChDYwA
S078,Cleopatra,Azerbaijan,Samira Efendi,2020,,https://youtube.com/watch?v=I0VzBCvO1Wk
S079,Cliche Love Song,Denmark,Basim,2014,9,https://youtube.com/watch?v=jnCTsJkieY4
S080,Color of Your Life,Poland,Michaa‚ Szpak,2016,8,https://youtube.com/watch?v=87BBmxm7IJU
S081,Coming Home,Iceland,Sjonni's Friends,2011,20,https://youtube.com/watch?v=apc_qJf3nws
S082,Coming Home,Malta,Firelight,2014,23,https://youtube.com/watch?v=E_hT08vzHt8
S083,Copycat,Belgium,Copycat,2009,41,https://youtube.com/watch?v=8qVdSbiYT8w
S084,Crazy,Croatia,Franka,2018,38,https://youtube.com/watch?v=YxBLFbW5BqE
S085,Crisalide (Vola),San Marino,Valentina Monetta,2013,28,https://youtube.com/watch?v=YirZIBi2vnY
S086,Crno I Belo,North Macedonia,Kaliopi,2012,13,https://youtube.com/watch?v=MSuCdNEy9w0
S087,D.G.T. (Off and On),Romania,Theodor Andrei,2023,36,https://youtube.com/watch?v=B0fvqAyKPss
S088,Da Da Dam,Finland,Paradise Oskar,2011,21,https://youtube.com/watch?v=1Fj9of4IzFU
S089,Da vidna,Belarus,VAL,2020,,https://youtube.com/watch?v=F0wfxz5zq04
S090,Dance (Our Own Party),Malta,The Busker,2023,35,https://youtube.com/watch?v=Apqwl0ayL6A
S091,Dance Alone,North Macedonia,Jana Buraeska,2017,35,https://youtube.com/watch?v=XvIbLOOWfYI
S092,Dance With Me,Hungary,Zoli adok,2009,34,https://youtube.com/watch?v=Xd4vRC5ZdLI
S093,Dance You Off,Sweden,Benjamin Ingrosso,2018,7,https://youtube.com/watch?v=z101xtUBflU
S094,Dancing in the rain,Spain,Ruth Lorenzo,2014,10,https://youtube.com/watch?v=-OtuM3Zvkeo
S095,Dark Side,Finland,Blind Channel,2021,6,https://youtube.com/watch?v=fOPGxQ4fgVw
S096,De Diepte,Netherlands,S10,2022,11,https://youtube.com/watch?v=sgOnu7ux2-k
S097,Die Together,Greece,Amanda Georgiadi Tenfjord,2022,8,https://youtube.com/watch?v=BWeT0nJpB3Y
S098,Ding Dong,Israel,Dana International,2011,35,https://youtube.com/watch?v=bWVuuvqEArE
S099,Discoteque,Lithuania,The Roop,2021,8,
S100,Disko,Slovenia,LPS,2022,40,https://youtube.com/watch?v=S1tFqoflsT8
S101,Divlji vjetre,Croatia,Damir Keda¾o,2020,,https://youtube.com/watch?v=2rOwScdxjJU
S102,Do It for Your Lover,Spain,Manel Navarro,2017,26,https://youtube.com/watch?v=qAOXHdLdlqQ
S103,Dona,North Macedonia,Kaliopi,2016,28,https://youtube.com/watch?v=uIIzwFoE6ME
S104,Don't Break Me,Australia,Montaigne,2020,,https://youtube.com/watch?v=gr-wWxu4974
S105,Don't Close Your Eyes,Slovakia,Max Jason Mai,2012,38,https://youtube.com/watch?v=OTXz60794lI
S106,Don't Come Easy,Australia,Isaiah Firebrace,2017,9,https://youtube.com/watch?v=YTCP4S1dqwA
S107,Drip Drop,Azerbaijan,Safura,2010,5,https://youtube.com/watch?v=7zWO-V0dmHg
S108,Due vite,Italy,Marco Mengoni,2023,4,https://youtube.com/watch?v=_iS4STWKSvk
S109,Duje,Albania,Albina & Familja Kelmendi,2023,22,https://youtube.com/watch?v=mp8OG4ApocI
S110,Dying To Try,Republic of Ireland,Brendan Murray,2017,31,https://youtube.com/watch?v=EOpZikqrfOA
S111,Eaea,Spain,Blanca Paloma,2023,17,https://youtube.com/watch?v=NGnEoSypBhE
S112,Eastern European Funk,Lithuania,InCulto,2010,28,https://youtube.com/watch?v=XeOn-GG_eHo
S113,Eat Your Salad,Latvia,Citi Za“ni,2022,32,https://youtube.com/watch?v=TM0_0WfuxSk
S114,Echo,Georgia,Iru,2023,29,https://youtube.com/watch?v=E8kO-QPippo
S115,Echo (You And I),France,Anggun,2012,22,https://youtube.com/watch?v=0DZ7DbdeOeE
S116,El Diablo,Cyprus,Elena Tsagrinou,2021,16,https://youtube.com/watch?v=MgGc1F_cOE8
S117,Ela,Cyprus,Andromache,2022,29,
S118,Embers,United Kingdom,James Newman,2021,26,https://youtube.com/watch?v=VxNOynEJ6wc
S119,Empires,Poland,Alicja Szemplia„ska,2020,,https://youtube.com/watch?v=s_Y7mMka4SQ
S120,Et Cetera,Republic of Ireland,Sinaad Mulvey & Black Daisy,2009,27,https://youtube.com/watch?v=fL8xgcsvKdY
S121,Et S'il Fallait Le Faire,France,Patricia Kaas,2009,8,https://youtube.com/watch?v=C3eYBMYeUE8
S122,Et Uus Saaks Alguse,Estonia,Birgit,2013,20,https://youtube.com/watch?v=Ooo6GvZNLhI
S123,Euphoria,Sweden,Loreen,2012,1,https://youtube.com/watch?v=Pfo-8z86x80
S124,Euro Neuro,Montenegro,Rambo Amadeus,2012,39,https://youtube.com/watch?v=JHnqF5PLP2w
S125,Eyes That Never Lie,Belarus,Petr Elfimov,2009,32,https://youtube.com/watch?v=xy4CX_IKEfQ
S126,Face The Shadow,Armenia,Genealogy,2015,16,https://youtube.com/watch?v=BYXr2FccjKE
S127,Fade To Black,Azerbaijan,Nadir Rustamli,2022,16,
S128,Fai rumore,Italy,Diodato,2020,,https://youtube.com/watch?v=TA57rugucwk
S129,Fairytale,Norway,Alexander Rybak,2009,1,https://youtube.com/watch?v=WXwgZL4zx9o
S130,Fairytale,Albania,Eneda Tarifa,2016,37,https://youtube.com/watch?v=jdT5EGcTjYw
S131,Fall From The Sky,Albania,Arilena Ara,2020,,https://youtube.com/watch?v=p-E-kIFPrsY
S132,Fallen Angel,Norway,TIX,2021,18,https://youtube.com/watch?v=F0r3vmGLzZU
S133,Falling Stars,Moldova,Lidia Isac,2016,40,https://youtube.com/watch?v=LlhV-E6leTI
S134,Feel The Passion,Albania,Aurela Gaae,2011,30,https://youtube.com/watch?v=Mq0H6gY2jq4
S135,Feker Libi,Israel,Eden Alene,2020,,https://youtube.com/watch?v=YjzyZZ-oidc
S136,Firefly,Cyprus,Christina Metaxa,2009,31,https://youtube.com/watch?v=NeYGROG0mZc
S137,Flashlight,Poland,Kasia Moa›,2017,22,https://youtube.com/watch?v=xVCokUW3BUo
S138,Fly With Me,Armenia,Artsvik,2017,18,https://youtube.com/watch?v=g373Libigw8
S139,For You,Georgia,Ethno-Jazz Band Iriao,2018,41,https://youtube.com/watch?v=FvVx5-mzmm0
S140,Forever,Belarus,Alekseev,2018,37,https://youtube.com/watch?v=ywy_y24v_ao
S141,Freaky!,San Marino,Senhit,2020,,https://youtube.com/watch?v=c6ZNo_hVA6E
S142,Friend of a Friend,Czech Republic,Lake Malawi,2019,11,https://youtube.com/watch?v=NJxLKFZKhNs
S143,Fuego,Cyprus,Eleni Foureira,2018,2,https://youtube.com/watch?v=vyDTbJ4wenY
S144,Fulenn,France,Alvan & Ahez,2022,24,https://youtube.com/watch?v=H1lcGXwOqJI
S145,Funny Girl,Latvia,Laura Rizzotto,2018,28,https://youtube.com/watch?v=KGxANwWKz3U
S146,Future Lover,Armenia,Brunette,2023,14,https://youtube.com/watch?v=Co8ZJIejXBA
S147,Get You,Russia,Alexej Vorobjov,2011,16,https://youtube.com/watch?v=C-3ohaRN3MM
S148,Ghost,Germany,Jamie-Lee Kriewitz,2016,26,https://youtube.com/watch?v=bHDHi37bboE
S149,Give That Wolf a Banana,Norway,Subwoolfer,2022,10,https://youtube.com/watch?v=adCU2rQyDeY
S150,Glorious,Germany,Cascada,2013,21,https://youtube.com/watch?v=3HYTd7WDCPg
S151,Golden Boy,Israel,Nadav Guedj,2015,9,https://youtube.com/watch?v=5bi1lK91bas
S152,Goodbye,Romania,The Humans,2018,27,https://youtube.com/watch?v=DGR4S3y7qcw
S153,Goodbye (Shelter),Serbia,Sanja Vuaiat ZAA,2016,18,https://youtube.com/watch?v=yTlxLiSQWjk
S154,Goodbye to Yesterday,Estonia,Elina Born & Stig Rasta,2015,7,https://youtube.com/watch?v=gSWbx3CvVUk
S155,Grab the Moment,Norway,Jowst,2017,10,https://youtube.com/watch?v=U-Bk0PCotY0
S156,Grande Amore,Italy,Il Volo,2015,3,https://youtube.com/watch?v=1TOMqZV2jA8
S157,Gravity,Ukraine,Zlata Ognevich,2013,3,https://youtube.com/watch?v=BMxpv8naRd8
S158,Gravity,Cyprus,Hovig,2017,21,https://youtube.com/watch?v=ZDe9FCLgE04
S159,Grow,Netherlands,Jeangu Macrooy,2020,,https://youtube.com/watch?v=sMcxWB90TTY
S160,Growing Up Is Getting Old,Bulgaria,Victoria,2021,11,https://youtube.com/watch?v=B1ZiPrMwMYA
S161,Guilty Pleasure,Croatia,Mia Dimaiat,2022,26,https://youtube.com/watch?v=9vBQdtW3mJE
S162,Ha Dias Assim,Portugal,Filipa Azevedo,2010,18,https://youtube.com/watch?v=_mTaVdnTMwo
S163,Ha um mar que nos Separa,Portugal,Leonor Andrade,2015,36,https://youtube.com/watch?v=vE-LqXkb0ok
S164,Haba Haba,Norway,Stella Mwangi,2011,38,https://youtube.com/watch?v=cRhJzdDFFHA
S165,Halo,Austria,LUM!X & Pia Maria,2022,36,https://youtube.com/watch?v=dMgjHYwXSuo
S166,Hasta la vista,Serbia,Hurricane,2020,,https://youtube.com/watch?v=7fqZevYLUMs
S167,Hear Them Calling,Iceland,Greta Sala³me,2016,34,https://youtube.com/watch?v=6osxLLPLUDk
S168,Heart of Steel,Ukraine,Tvorchi,2023,6,https://youtube.com/watch?v=neIscK1hNxs
S169,Heartbeat,Republic of Ireland,Can-Linn feat. Kasey Smith,2014,29,https://youtube.com/watch?v=J9zEybTMeEs
S170,Heartbeat,Latvia,Justs,2016,15,https://youtube.com/watch?v=o-2Lt7zzlBU
S171,Heaven,Montenegro,D mol,2019,38,https://youtube.com/watch?v=oV200JAouTc
S172,Help You Fly,Belarus,Ivan,2016,29,https://youtube.com/watch?v=pM07r57QqGg
S173,Here for You,Slovenia,Maraaya,2015,14,https://youtube.com/watch?v=lTuHbVKYgY0
S174,Here I Stand,North Macedonia,Vasil,2021,35,https://youtube.com/watch?v=WRcSHPb_Qwc
S175,Here We Go,Latvia,PeR,2013,37,https://youtube.com/watch?v=xze_ilAXwWE
S176,Heroes,Sweden,Mayns Zelmerla¶w,2015,1,https://youtube.com/watch?v=5sGOwFVUU0I
S177,Higher Ground,Denmark,Rasmussen,2018,9,https://youtube.com/watch?v=c0kP074Mw0k
S178,Hold Me,Azerbaijan,Farid Mammadov,2013,2,https://youtube.com/watch?v=iN3d_V7KVLE
S179,Hold Me Closer,Sweden,Cornelia Jakobs,2022,4,
S180,Home,Israel,Kobi Marimi,2019,23,https://youtube.com/watch?v=uCdS42uCqP0
S181,Hope,Estonia,Stefan,2022,13,https://youtube.com/watch?v=GdTpQmMem8U
S182,Hope Never Dies,Czech Republic,Marta Jandova & Vaclav Noid Barta,2015,34,https://youtube.com/watch?v=SLz6VeSPXjA
S183,Hora Din Moldova,Moldova,Nelly Ciobanu,2009,14,https://youtube.com/watch?v=ZoP_0okrWyo
S184,Horehronie,Slovakia,Kristina Pelakova,2010,35,https://youtube.com/watch?v=j8G6byTMr0o
S185,Hour Of The Wolf,Azerbaijan,Elnur Ha¼seynov,2015,12,https://youtube.com/watch?v=L_y-yMIzTNc
S186,Hunter Of Stars,Switzerland,Sebalter,2014,13,https://youtube.com/watch?v=DqjoM8ZlyMc
S187,"Hvala, ne!",Slovenia,Lea Sirk,2018,22,https://youtube.com/watch?v=fBU0_hfST_o
S188,I Am What I Am,Malta,Emma Muscat,2022,35,https://youtube.com/watch?v=DFCFM5qtvms
S189,I Am Yours,Austria,The Makemakes,2015,26,https://youtube.com/watch?v=-f993p0CAV8
S190,I Can,United Kingdom,Blue,2011,11,https://youtube.com/watch?v=y1dXMWWq6y8
S191,I Can't Go On,Sweden,Robin Bengtsson,2017,5,https://youtube.com/watch?v=RjH_4oYqLw4
S192,I Didn't Know,San Marino,Serhat,2016,30,https://youtube.com/watch?v=HzPkDb2FSeg
S193,I Don't Feel Hate,Germany,Jendrik,2021,25,https://youtube.com/watch?v=1m0VEAfLV4E
S194,I Don't Wanna Leave,Poland,Lidia Kopania,2009,30,https://youtube.com/watch?v=8m2gIli9SoA
S195,I Feed You My Love,Norway,Margaret Berger,2013,4,https://youtube.com/watch?v=gjm-kCOMaPY
S196,I Feel Alive,Israel,Imri Ziv,2017,23,https://youtube.com/watch?v=YapnW_zfWJk
S197,I Love Belarus,Belarus,Anastasiya Vinnikova,2011,33,https://youtube.com/watch?v=frhQMuyH0lg
S198,I Stand,Czech Republic,Gabriela Gunaa­kova,2016,25,https://youtube.com/watch?v=wVy3rTNSN4Y
S199,I Want Your Love,Moldova,Eduard Romanyuta,2015,28,https://youtube.com/watch?v=px1MoZ0k7qY
S200,I Won't Break,Russia,Julia Samoylova,2018,36,https://youtube.com/watch?v=KujGHwyfMWM
S201,I Wrote A Song,United Kingdom,Mae Muller,2023,25,https://youtube.com/watch?v=tJ21grjN6wU
S202,I.M,Israel,Michael Ben David,2022,30,https://youtube.com/watch?v=XgXjPUsjx4Y
S203,Icebreaker,Norway,Agnete,2016,31,https://youtube.com/watch?v=ACLcqZMwCSo
S204,Identitet,Albania,Adrian Lulgjuraj & Bledar Sejko,2013,34,https://youtube.com/watch?v=3u5Se-vJ6MA
S205,If I Were Sorry,Sweden,Frans,2016,5,https://youtube.com/watch?v=2AIPrVchJN8
S206,If Love Was a Crime,Bulgaria,Poli Genova,2016,4,https://youtube.com/watch?v=PQqUTigWKHY
S207,Igranka,Montenegro,Who See,2013,30,https://youtube.com/watch?v=FR9rtB2ilZU
S208,Il Pleut de L'Or,Switzerland,Michael von der Heide,2010,39,https://youtube.com/watch?v=qW2UPf1_Lcg
S209,Illusion,Bulgaria,Krassimir Avramov,2009,39,https://youtube.com/watch?v=Ov4QYpIttF0
S210,I'm A Joker,Georgia,Anri Jokhadze,2012,32,https://youtube.com/watch?v=xfpKnMBjdrU
S211,I'm Alive,Albania,Elhaida Dani,2015,17,https://youtube.com/watch?v=GtpMLqiplfY
S212,I'm Still Alive,Slovakia,TWiiNS,2011,32,https://youtube.com/watch?v=6OUulUX7_hE
S213,In A Moment Like This,Denmark,Chanae & N'evergreen,2010,4,https://youtube.com/watch?v=nNhIVQ1KBb8
S214,In Corpore Sano,Serbia,Konstrakta,2022,5,https://youtube.com/watch?v=nBtQj1MfNYA
S215,In Love For A While,Switzerland,Anna Rossinelli,2011,25,https://youtube.com/watch?v=wxLE5FmNJow
S216,In The Name Of Love,Poland,Monika Kuszya„ska,2015,23,https://youtube.com/watch?v=VBI8TQXi--M
S217,In Too Deep,Serbia,Tijana Bogiateviat,2017,28,https://youtube.com/watch?v=A0wAd-a0hXA
S218,Inje,Montenegro,Vanja Radovanoviat,2018,39,https://youtube.com/watch?v=XEi080yOuB8
S219,Intention,Bulgaria,Intelligent Music Project,2022,38,https://youtube.com/watch?v=EwZTI5AoTg4
S220,Is It Right,Germany,Elaiza,2014,18,https://youtube.com/watch?v=BFuGH2Kp9dI
S221,Is It True?,Iceland,Yohanna,2009,2,https://youtube.com/watch?v=qqE69feyEOU
S222,It's All About You,Albania,Juliana Pasha,2010,16,https://youtube.com/watch?v=3ZLlQE8ICno
S223,It's For You,Republic of Ireland,Niamh Kavanagh,2010,23,https://youtube.com/watch?v=HZnrupI_Mms
S224,It's My Life,Romania,Cezar,2013,13,https://youtube.com/watch?v=VgHWFiavqjA
S225,It's My Time,United Kingdom,Jade Ewen,2009,5,https://youtube.com/watch?v=PBykhFyy-ZE
S226,I've Been Waiting for This Night,Lithuania,Donny Montell,2016,9,https://youtube.com/watch?v=O1wS7NNCo38
S227,Jan Jan,Armenia,Inga & Anush,2009,10,https://youtube.com/watch?v=1AH6jCbDh98
S228,Jas Ja Imam Silata,North Macedonia,Gjoko Taneski,2010,32,https://youtube.com/watch?v=3sYNmPkivyU
S229,Je Me Casse,Malta,Destiny,2021,7,
S230,Je Ne Sais Quoi,Iceland,Hera Bja¶rk,2010,19,https://youtube.com/watch?v=8vM7XAM6fzo
S231,Jestem,Poland,Magdalena Tul,2011,41,https://youtube.com/watch?v=6u4uznE0GxI
S232,Jezebel,Finland,The Rasmus,2022,21,https://youtube.com/watch?v=LSi9nfr65FE
S233,Just Get Out of My Life,Montenegro,Andrea Demiroviat,2009,29,https://youtube.com/watch?v=kaDW_BWgQQE
S234,Karma,Albania,Anxhela Peristeri,2021,21,https://youtube.com/watch?v=OxniMKVXjqM
S235,Keep on Going,Georgia,Oto Nemsadze,2019,33,https://youtube.com/watch?v=vu4nHsaAJwU
S236,Keep The Faith,Georgia,Tamara Gachechiladze,2017,27,https://youtube.com/watch?v=agSS_a3ccgA
S237,Kemama,Czech Republic,Benny Cristo,2020,,https://youtube.com/watch?v=wROqCHLnbko
S238,Korake Ti Znam,Bosnia and Herzegovina,Maya Sar,2012,18,https://youtube.com/watch?v=81hIbZNoFU8
S239,Kruna,Serbia,Nevena Boa¾oviat,2019,18,https://youtube.com/watch?v=X0mdaeAyPvA
S240,Kuula,Estonia,Ott Lepland,2012,6,https://youtube.com/watch?v=T7BaTBe0UD8
S241,La Forza,Estonia,Elina Nechayeva,2018,8,https://youtube.com/watch?v=ImawXdXIGd8
S242,La La Love,Cyprus,Ivi Adamou,2012,16,https://youtube.com/watch?v=ex133UhxB64
S243,La Venda,Spain,Miki,2019,22,https://youtube.com/watch?v=lWXuohnM14U
S244,La Voix,Sweden,Malena Ernman,2009,21,https://youtube.com/watch?v=5WH2OwJeMBE
S245,Lako Je Sve,Croatia,Feminnem,2010,33,https://youtube.com/watch?v=x2M9zNayOF0
S246,Last Dance,Greece,Stefania,2021,10,https://youtube.com/watch?v=QhZhJFp0vVw
S247,Legenda,Poland,Marcin Mrozia„ski,2010,30,https://youtube.com/watch?v=VmEUURZXUlE
S248,L'enfer Et Moi,France,Amandine Bourgeois,2013,23,https://youtube.com/watch?v=hQwiQj5Dyj8
S249,L'Essenziale,Italy,Marco Mengoni,2013,7,https://youtube.com/watch?v=S8oaxDV1q6o
S250,Lie To Me,Czech Republic,Mikolas Josef,2018,6,https://youtube.com/watch?v=w0ZUuQe0shk
S251,Life Looks Better In Spring,Cyprus,Jon Lilygreen & The Islanders,2010,21,https://youtube.com/watch?v=KVsue-XPY0s
S252,Light Me Up,Poland,Gromee feat. Lukas Meijer,2018,33,https://youtube.com/watch?v=oyoiCyP4Bkg
S253,Lighthouse,Croatia,Nina Kraljiat,2016,23,https://youtube.com/watch?v=8QUM-_EbE2o
S254,Lights And Shadows,Netherlands,OG3NE,2017,11,https://youtube.com/watch?v=_9XsCqGg8ls
S255,Lights Off,Czech Republic,We Are Domi,2022,22,https://youtube.com/watch?v=EGRzSefqOm0
S256,Lijepa Tena,Croatia,Igor Cukrov feat. Andrea,2009,18,https://youtube.com/watch?v=jdLct2IqcLA
S257,Like An Animal,San Marino,Piqued Jacks,2023,37,https://youtube.com/watch?v=oYvSh-Aj_SY
S258,Like It,Belarus,Zena,2019,24,https://youtube.com/watch?v=C1Y9LBusHzA
S259,Limits,Austria,Pa¦nda,2019,40,https://youtube.com/watch?v=FVSZDF9O-bA
S260,Line,Latvia,Triana Park,2017,41,https://youtube.com/watch?v=Vxos6ceOrRA
S261,Lipstick,Republic of Ireland,Jedward,2011,8,https://youtube.com/watch?v=XgrlG6hQbNM
S262,Live It Up,Turkey,Ya¼ksek Sadakat,2011,29,https://youtube.com/watch?v=RgqKYI6myHM
S263,Ljubav Je,Bosnia and Herzegovina,Dalal & Deen feat. Ana Rucner & Jala,2016,27,https://youtube.com/watch?v=QLrXmTB8OaY
S264,Ljubav Je Svuda,Serbia,Moje 3,2013,27,https://youtube.com/watch?v=DbAAFijZIxE
S265,Llamame,Romania,WRS,2022,18,https://youtube.com/watch?v=nPpuwy79sHs
S266,Lock Me In,Georgia,Circus Mircus,2022,39,https://youtube.com/watch?v=zXiZAbqETvk
S267,Loco Loco,Serbia,Hurricane,2021,15,https://youtube.com/watch?v=Q1lkpIqf7a4
S268,Loin d'ici,Austria,Zoa«,2016,13,https://youtube.com/watch?v=3xuPYt5i5cE
S269,Lonely Planet,Armenia,Dorians,2013,18,https://youtube.com/watch?v=UGOSZ7Uufno
S270,Look Away,Finland,Darude feat. Sebastian Rejman,2019,39,https://youtube.com/watch?v=VSPhIwOJfRs
S271,Looking Back,Finland,Aksel Kankaanranta,2020,,https://youtube.com/watch?v=EgONBKFQpxE
S272,Lose Control,Finland,Waldo's People,2009,25,https://youtube.com/watch?v=D-Wr0z1_quw
S273,Lost And Forgotten,Russia,Peter Nalitch & Friends,2010,11,https://youtube.com/watch?v=IOB7uaWuRyc
S274,Lost And Found,North Macedonia,Eye Cue,2018,42,https://youtube.com/watch?v=MV_cR_Qb2Cg
S275,Love,Lithuania,Sasha Son,2009,23,https://youtube.com/watch?v=ukSmGIp_xVk
S276,Love In Rewind,Bosnia and Herzegovina,Dino Merlin,2011,6,https://youtube.com/watch?v=mBg3coarF_8
S277,Love Injected,Latvia,Aminata Savadogo,2015,6,https://youtube.com/watch?v=PgmZaf1Sb_4
S278,Love Is Blind,Lithuania,Donny Montell,2012,14,https://youtube.com/watch?v=x2vNoZnJxgY
S279,Love Is Forever,Denmark,Leonora,2019,12,https://youtube.com/watch?v=mucmvTLHJQM
S280,Love Is On My Side,Portugal,The Black Mamba,2021,12,https://youtube.com/watch?v=qq9SceXaukA
S281,Love Kills,Belgium,Roberto Bellarosa,2013,12,https://youtube.com/watch?v=dCl7OUFNSCA
S282,Love Me Back,Turkey,Can Bonomo,2012,7,https://youtube.com/watch?v=3Qa7_y21oOY
S283,Love Symphony,Slovenia,Quartissimo feat. Martina,2009,35,https://youtube.com/watch?v=zql3IGp4zO4
S284,Love Unlimited,Bulgaria,Sofi Marinova,2012,27,https://youtube.com/watch?v=WAUAETPcFBI
S285,Love Will Set You Free,United Kingdom,Engelbert Humperdinck,2012,25,https://youtube.com/watch?v=rXw4Q5jbNqQ
S286,LoveWave,Armenia,Iveta Mukuchyan,2016,7,https://youtube.com/watch?v=nL066Rp7J7k
S287,Made of Stars,Israel,Hovi Star,2016,14,https://youtube.com/watch?v=SS5TB2XUdgs
S288,Madness Of Love,Italy,Raphael Gualazzi,2011,2,https://youtube.com/watch?v=TE0uNLp3LuU
S289,Mall,Albania,Eugent Bushpepa,2018,11,https://youtube.com/watch?v=uyl1b1fVmdU
S290,Mama ŠC!,Croatia,Let 3,2023,13,https://youtube.com/watch?v=AyKj8jA0Qoc
S291,Mamo,Russia,Anastasia Prikhodko,2009,11,https://youtube.com/watch?v=K5kKOVoO55g
S292,Maps,Republic of Ireland,Lesley Roy,2021,37,https://youtube.com/watch?v=FY2rxbZNvZ0
S293,Marry Me,Finland,Krista Siegfrids,2013,24,https://youtube.com/watch?v=dlBXOveVh7c
S294,Mata Hari,Azerbaijan,Efendi,2021,20,
S295,Me And My Guitar,Belgium,Tom Dice,2010,6,https://youtube.com/watch?v=Nk1UAXlfBUA
S296,Medo de sentir,Portugal,Elisa,2020,,https://youtube.com/watch?v=eIZ48w4epng
S297,Mercy,France,Madame Monsieur,2018,13,https://youtube.com/watch?v=vjLuTtUv0Ns
S298,Midnight Gold,Georgia,Nika Kocharov & Young Georgian Lolitaz,2016,20,https://youtube.com/watch?v=rviE2-9eiTI
S299,Milim,Israel,Harel Skaat,2010,14,https://youtube.com/watch?v=OG7fBifcRLk
S300,Miracle,Romania,Paula Seling & OVI,2014,12,https://youtube.com/watch?v=qN2h6__yJGQ
S301,Miracle,Azerbaijan,Samra,2016,17,https://youtube.com/watch?v=cB8eSLyffsI
S302,Miss Kiss Kiss Bang,Germany,Alex Swings Oscar Sings!,2009,20,https://youtube.com/watch?v=veeOUiB6ojk
S303,Miss You,Belgium,Jaramie Makiese,2022,19,https://youtube.com/watch?v=sB09advfF6E
S304,Moj Svijet,Montenegro,Sergej a†etkoviat,2014,19,https://youtube.com/watch?v=6FJtzRSKHKg
S305,Monsters,Finland,Saara Aalto,2018,25,https://youtube.com/watch?v=hdjiuCUUpPc
S306,Mother,Belgium,Axel Hirsoux,2014,33,https://youtube.com/watch?v=wr3m4ghnq6w
S307,Moustache,France,TWIN TWIN,2014,26,https://youtube.com/watch?v=vjkqciwP034
S308,Move,Sweden,The Mamas,2020,,https://youtube.com/watch?v=7EpSBDPlZn4
S309,My Dream,Malta,Thea Garrett,2010,29,https://youtube.com/watch?v=iwgF3TC2Kj0
S310,My Friend,Croatia,Jacques Houdek,2017,13,https://youtube.com/watch?v=4Sya_GIxsw0
S311,My Heart Is Yours,Norway,Didrik Solli-Tangen,2010,20,https://youtube.com/watch?v=h3KlbuVZGJw
S312,My Last Breath,United Kingdom,James Newman,2020,,https://youtube.com/watch?v=6iS-lV909T4
S313,My Lucky Day,Moldova,DoReDos,2018,10,https://youtube.com/watch?v=5evrVL1rJPA
S314,My Sister's Crown,Czech Republic,Vesna,2023,10,https://youtube.com/watch?v=bFm-hw2rUeA
S315,My Turn,Czech Republic,Martina Barta,2017,33,https://youtube.com/watch?v=-KT8_ZOHAXE
S316,Na Inat,Bulgaria,Poli Genova,2011,31,https://youtube.com/watch?v=NuenJb-vw9A
S317,Nar Jag Blundar,Finland,Pernilla,2012,30,https://youtube.com/watch?v=MRC5NzxmrAA
S318,Narodnozabavni Rock,Slovenia,Ansambel a½lindra & Kalamari,2010,38,https://youtube.com/watch?v=2faHkE1JZwc
S319,Nebo,Croatia,Nina Badriat,2012,29,https://youtube.com/watch?v=QzdI4yuqwzY
S320,Never Alone,Netherlands,3JS,2011,43,https://youtube.com/watch?v=oJ6T43D82KY
S321,Never Forget,Iceland,Greta Sala³me & Ja³nsi,2012,20,https://youtube.com/watch?v=zRqmHRbJvTo
S322,Never Give Up on You,United Kingdom,Lucie Jones,2017,15,https://youtube.com/watch?v=Fl1GYTg4GmA
S323,New Tomorrow,Denmark,A Friend In London,2011,5,https://youtube.com/watch?v=YDXeK0r3aKs
S324,No Degree of Separation,Italy,Francesca Michielin,2016,16,https://youtube.com/watch?v=YfnhDfy8AjU
S325,No One,Slovenia,Maja Keuc,2011,13,https://youtube.com/watch?v=NNP3nfvoqps
S326,No Prejudice,Iceland,Pollapa¶nk,2014,15,https://youtube.com/watch?v=U2qAvGsiCmc
S327,Nobody But You,Austria,Cesar Sampson,2018,3,https://youtube.com/watch?v=a8Yvzo1puoE
S328,Non Mi Avete Fatto Niente,Italy,Ermal Meta & Fabrizio Moro,2018,5,https://youtube.com/watch?v=81M-mp5t8uM
S329,Not Alone,Armenia,Aram MP3,2014,4,https://youtube.com/watch?v=oj0oOV-2fRQ
S330,Not The Same,Australia,Sheldon Riley,2022,15,
S331,Nova Deca,Serbia,Sanja Iliat & Balkanika,2018,19,https://youtube.com/watch?v=WRQWQShbPHU
S332,O Jardim,Portugal,Claudia Pascoal,2018,26,https://youtube.com/watch?v=mHjGbADMcOI
S333,O Mie,Moldova,Aliona Moon,2013,11,https://youtube.com/watch?v=xckgLUv73Jc
S334,Occidentali's Karma,Italy,Francesco Gabbani,2017,6,https://youtube.com/watch?v=KieE_MLv-ZY
S335,Omaga,Czech Republic,Benny Cristo,2021,36,https://youtube.com/watch?v=cgGRCTUPsqY
S336,On a Sunday,Romania,Ester Peony,2019,32,https://youtube.com/watch?v=cZC9o_Z90yo
S337,On Fire,Lithuania,The Roop,2020,,https://youtube.com/watch?v=FxPm-Wz8qpY
S338,On My Way,Slovenia,Omar Naber,2017,40,https://youtube.com/watch?v=vbGub2klcV4
S339,One Last Breath,Greece,Maria Elena Kyriakou,2015,19,https://youtube.com/watch?v=qD6epZ-YWSc
S340,One Life,Malta,Glen Vella,2011,26,https://youtube.com/watch?v=U9YRL_pHxvU
S341,One More Day,Georgia,Eldrine,2011,9,https://youtube.com/watch?v=CfJVlssy0cc
S342,One Night's Anger,Albania,Hersi,2014,34,https://youtube.com/watch?v=Ahu_K_Jh2vc
S343,One Thing I Should Have Done,Cyprus,John Karayiannis,2015,22,https://youtube.com/watch?v=r7qMNtK9uM8
S344,Oniro Mou,Greece,Yianna Terzi,2018,34,https://youtube.com/watch?v=-XOR1DhtDC0
S345,Only Love Survives,Republic of Ireland,Ryan Dolan,2013,26,https://youtube.com/watch?v=4tgtyl_5x5Y
S346,Only Teardrops,Denmark,Emmelie de Forest,2013,1,https://youtube.com/watch?v=p3f9v8ebuD4
S347,OPA,Greece,Giorgos Alkaios & Friends,2010,8,https://youtube.com/watch?v=J50RL1rDisA
S348,Origo,Hungary,Joci Papai,2017,8,https://youtube.com/watch?v=hqM0AkP7zcI
S349,Our Choice,Iceland,Ari a“lafsson,2018,43,https://youtube.com/watch?v=RQytWeg9CzE
S350,Outlaw In 'Em,Netherlands,Waylon,2018,18,https://youtube.com/watch?v=p7jHz5asMs8
S351,Ovo Je Balkan,Serbia,Milan Stankoviat,2010,13,https://youtube.com/watch?v=TBwWB3kKd6o
S352,Paper,Iceland,Svala,2017,36,https://youtube.com/watch?v=UPlm18-AlGg
S353,Party For Everybody,Russia,Buranovskiye Babushki,2012,2,https://youtube.com/watch?v=BgUstrmJzyc
S354,Perfect Life,Germany,Levina,2017,25,https://youtube.com/watch?v=t1KKjykH6fw
S355,Pioneer,Hungary,Freddie,2016,19,https://youtube.com/watch?v=bT2DcpqvorI
S356,Play,Estonia,Ja¼ri Pootsmann,2016,42,https://youtube.com/watch?v=g0-j0Eh8VNA
S357,Playing With Fire,Romania,Paula Seling & Ovi,2010,3,https://youtube.com/watch?v=6OlG9g4-cyg
S358,Playing With Numbers,Republic of Ireland,Molly Sterling,2015,31,https://youtube.com/watch?v=3B5sdNJF0lk
S359,Popular,Sweden,Eric Saade,2011,3,https://youtube.com/watch?v=-04pUETT7oI
S360,Power,Iceland,Dilja,2023,27,https://youtube.com/watch?v=BhlJXcCv7gw
S361,Pred Da Se Razdeni,North Macedonia,Esma & Lozano,2013,36,https://youtube.com/watch?v=Vi1VYsOUCsY
S362,Prison,Moldova,Natalia Gordienko,2020,,https://youtube.com/watch?v=RnD1ApDo5_k
S363,Probka,Latvia,Intars Busulis,2009,40,https://youtube.com/watch?v=fTajw--jk8M
S364,Promise,Australia,Voyager,2023,9,https://youtube.com/watch?v=aqtu2GspT80
S365,Proud,North Macedonia,Tamara Todevska,2019,7,https://youtube.com/watch?v=0pAURAsum4A
S366,Qami,Armenia,Sevak Khanagyan,2018,35,https://youtube.com/watch?v=CYlWiHjUK0c
S367,Que Me Quiten Lo Bailao,Spain,Luca­a Parez,2011,23,https://youtube.com/watch?v=91bKjEojSDU
S368,Queen of Kings,Norway,Alessandra,2023,5,https://youtube.com/watch?v=vSfffjHjdTk
S369,Quero Ser Tua,Portugal,Suzy,2014,27,https://youtube.com/watch?v=fhMbHLiEjS4
S370,Rain Of Revolution,Lithuania,Fusedmarc,2017,39,https://youtube.com/watch?v=-7WpnSMEPjc
S371,Rak Bishvilo,Israel,Moran Mazor,2013,33,https://youtube.com/watch?v=BjbcD72OaI4
S372,Randajad,Estonia,Urban Symphony,2009,6,https://youtube.com/watch?v=PgGiVnhfXs0
S373,Release Me,Belgium,Hooverphonic,2020,,https://youtube.com/watch?v=lAqjksxc4iA
S374,Replay,Cyprus,Tamta,2019,13,https://youtube.com/watch?v=wIpEI-NhRxg
S375,Requiem,France,Alma,2017,12,https://youtube.com/watch?v=HjiLKsLQl4I
S376,Rhythm Inside,Belgium,Loa¯c Nottet,2015,4,https://youtube.com/watch?v=IjH-HYAFICg
S377,Rise Like a Phoenix,Austria,Conchita Wurst,2014,1,https://youtube.com/watch?v=QRUIava4WRM
S378,Rise Up,Greece,Freaky Fortune feat. RiskyKidd,2014,20,https://youtube.com/watch?v=c9y6A1uXLn8
S379,River,Poland,Ochman,2022,12,https://youtube.com/watch?v=jRVDZ6446eM
S380,Rockefeller Street,Estonia,Getter Jaani,2011,24,https://youtube.com/watch?v=UxvmdR7oYdQ
S381,Rockstars,Germany,Malik Harris,2022,25,https://youtube.com/watch?v=2BYIou-oWXA
S382,Roi,France,Bilal Hassani,2019,16,https://youtube.com/watch?v=AjZNbIQtWvw
S383,Round and Round,Slovenia,Tinkara Kovaa,2014,25,https://youtube.com/watch?v=CiwM1sY3u0s
S384,Run Away,Moldova,Sunstroke Project & Olia Tira,2010,22,https://youtube.com/watch?v=C-VMHOlCyW8
S385,Run with the Lions,Lithuania,Jurij Veklenko,2019,29,https://youtube.com/watch?v=5Nb3HMzsfZY
S386,Running,Hungary,Andras Kallay-Saunders,2014,5,https://youtube.com/watch?v=T_RxJZ3N9kE
S387,Running,Cyprus,Sandro Nicolas,2020,,https://youtube.com/watch?v=Jl_qEw_4OK0
S388,Running On Air,Austria,Nathan Trent,2017,16,https://youtube.com/watch?v=gJIjZF5sgzg
S389,Running Scared,Azerbaijan,Ell/Nikki,2011,1,https://youtube.com/watch?v=_0tlQUW5X0U
S390,Rusinka,North Macedonia,Vlatko Ilievski,2011,36,https://youtube.com/watch?v=JrCOhclzLbE
S391,Russian Woman,Russia,Manizha,2021,9,https://youtube.com/watch?v=V-Di9A28e5E
S392,Same Heart,Israel,Mei Finegold,2014,35,https://youtube.com/watch?v=acOZVEN5XjE
S393,Samo mi se spava,Serbia,Luke Black,2023,24,https://youtube.com/watch?v=oeIVwYUge8o
S394,Samo Shampioni,Bulgaria,"Elitsa Todorova, Stoyan Yankulov",2013,29,https://youtube.com/watch?v=Cb46Mhy_mCI
S395,San Aggelos S'agapisa,Cyprus,Christos Mylordos,2011,42,https://youtube.com/watch?v=1t0czUf9nJU
S396,Satellite,Germany,Lena,2010,1,https://youtube.com/watch?v=-qnsZgQe1tU
S397,"Saudade, saudade",Portugal,Maro,2022,9,https://youtube.com/watch?v=mZtbD47u6yI
S398,Say Na Na Na,San Marino,Serhat,2019,19,https://youtube.com/watch?v=d_iEis_ZRoQ
S399,Say Yay!,Spain,Barei,2016,22,https://youtube.com/watch?v=EgbjNsxehrY
S400,Scream,Russia,Sergey Lazarev,2019,3,https://youtube.com/watch?v=eNzlxEZ_JG4
S401,Sebi,Slovenia,Zala Kralj & Gaaper a antl,2019,15,https://youtube.com/watch?v=vGtPNQ6g6Ng
S402,Sekret,Albania,Ronela Hajati,2022,28,
S403,Sentimentai,Lithuania,Monika Liu,2022,14,https://youtube.com/watch?v=BVqSTVJhD44
S404,Set Me Free,Israel,Eden Alene,2021,17,https://youtube.com/watch?v=5Y-blG5ptwo
S405,She Got Me,Switzerland,Luca Hanni,2019,4,https://youtube.com/watch?v=8aUYzqAIdoM
S406,Shine,Netherlands,The Toppers,2009,36,https://youtube.com/watch?v=6mR3W2fm7_E
S407,Shine,Georgia,Sofia Nizharadze,2010,9,https://youtube.com/watch?v=2-1yBx6IQN0
S408,Shine,Austria,Natalia Kelly,2013,35,https://youtube.com/watch?v=gOJHi6JiKpY
S409,Shine,Russia,Tolmachevy Sisters,2014,7,https://youtube.com/watch?v=BCNN1JAgWqk
S410,Should've Known Better,Denmark,Soluna Samay,2012,23,https://youtube.com/watch?v=U5X2r_t-KBk
S411,Shum,Ukraine,Go_A,2021,5,https://youtube.com/watch?v=lqvzDkgok_g
S412,Silent Storm,Norway,Carl Espen,2014,8,https://youtube.com/watch?v=BTMli8U17MM
S413,Sing It Away,Finland,Sandhja,2016,35,https://youtube.com/watch?v=oAQIPxgQkM8
S414,Siren,Estonia,Malcolm Lincoln,2010,31,https://youtube.com/watch?v=yFbVAQjESzE
S415,Sister,Germany,S!sters,2019,25,https://youtube.com/watch?v=yFbSj_yPCPM
S416,Skeletons,Azerbaijan,Dihaj,2017,14,https://youtube.com/watch?v=g_HSRHqd_7s
S417,SloMo,Spain,Chanel,2022,3,
S418,Slow Down,Netherlands,Douwe Bob,2016,11,https://youtube.com/watch?v=PwF9DI89q1w
S419,Snap,Armenia,Rosa Linn,2022,20,https://youtube.com/watch?v=DAJ6vfmD_ic
S420,So Lucky,Moldova,Zdob È™i Zdub,2011,12,https://youtube.com/watch?v=nHAY_OVN_gY
S421,Sognu,France,Amaury Vassili,2011,15,https://youtube.com/watch?v=OTiBNPT-x_Y
S422,Solayoh,Belarus,Alyona Lanskaya,2013,16,https://youtube.com/watch?v=XKewBfUE2Mg
S423,Soldi,Italy,Mahmood,2019,2,https://youtube.com/watch?v=M-aoyPa41Ic
S424,Soldiers of Love,Denmark,Lighthouse X,2016,39,https://youtube.com/watch?v=jGz12i-wGd0
S425,Solo,Poland,Blanka,2023,19,https://youtube.com/watch?v=PvQRpV1-ZhY
S426,Solovey,Ukraine,Go_A,2020,,https://youtube.com/watch?v=zNetXPSld50
S427,Something,Lithuania,Andrius Pojavis,2013,22,https://youtube.com/watch?v=0VLhnzk_dAs
S428,Something Better,Finland,Softengine,2014,11,https://youtube.com/watch?v=3FDWaFfo1CU
S429,Sound Of Our Hearts,Hungary,Compact Disco,2012,24,https://youtube.com/watch?v=sw85G2AlU2c
S430,Sound of Silence,Australia,Dami Im,2016,2,https://youtube.com/watch?v=5ymFX91HwM0
S431,Space,Montenegro,Slavko Kaleziat,2017,37,https://youtube.com/watch?v=rQ1BXJpfa4I
S432,Space Man,United Kingdom,Sam Ryder,2022,2,https://youtube.com/watch?v=RZ0hqX_92zI
S433,Spirit in the Sky,Norway,KEiiNO,2019,6,https://youtube.com/watch?v=Ovt7YGHAj8I
S434,Spirit Of The Night,San Marino,Valentina Monetta & Jimmie Wilson,2017,42,https://youtube.com/watch?v=UC7QzXPnt6k
S435,Stand By,San Marino,Senit,2011,37,https://youtube.com/watch?v=TTCBm8Z2CrY
S436,Standing Still,Germany,Roman Lob,2012,8,https://youtube.com/watch?v=cScJPH20P3A
S437,Start A Fire,Azerbaijan,Dilara Kazimova,2014,22,https://youtube.com/watch?v=5mPUMPcFQAY
S438,Stay,Norway,Tooji,2012,26,https://youtube.com/watch?v=-ZaxIY1VAbM
S439,Stay,Moldova,Anna Odobescu,2019,30,https://youtube.com/watch?v=-mo207V5Z2o
S440,Stay,Lithuania,Monika Linkyta—,2023,11,https://youtube.com/watch?v=68lbEUDuWUQ
S441,Stefania,Ukraine,Kalush Orchestra,2022,1,https://youtube.com/watch?v=F1fl60ypdLs
S442,Still Breathing,Latvia,Samanta Ta«na,2020,,https://youtube.com/watch?v=ELr6U2fOrnE
S443,Still in Love with You,United Kingdom,Electro Velvet,2015,24,https://youtube.com/watch?v=Ethyx4A5ajM
S444,Stones,Switzerland,Zibbz,2018,32,https://youtube.com/watch?v=wJGTVsluHkw
S445,Storm,United Kingdom,SuRie,2018,24,https://youtube.com/watch?v=n0ydtXG-tqY
S446,Storm,Estonia,Victor Crone,2019,20,https://youtube.com/watch?v=PppvSl3_W4E
S447,Story Of My Life,Republic of Ireland,Lesley Roy,2020,,https://youtube.com/watch?v=HLgE0Ayl5Hc
S448,Straight Into Love,Slovenia,Hannah,2013,39,https://youtube.com/watch?v=I2_zGcuEuwU
S449,Stripper,San Marino,Achille Lauro,2022,33,https://youtube.com/watch?v=vCmX64N_sXM
S450,Sugar,Moldova,Natalia Gordienko,2021,13,https://youtube.com/watch?v=5I_1GTehgkI
S451,Sunlight,Republic of Ireland,Nicky Byrne,2016,36,https://youtube.com/watch?v=ezJsUMD-y-I
S452,Sweet People,Ukraine,Alyosha,2010,10,https://youtube.com/watch?v=NQ2mAuqnXZk
S453,Taboo,Malta,Christabelle,2018,29,https://youtube.com/watch?v=d52ViPImdls
S454,Take Me As I Am,Georgia,Tornike Kipiani,2020,,https://youtube.com/watch?v=LjNK4Xywjc4
S455,Taken By A Stranger,Germany,Lena,2011,10,https://youtube.com/watch?v=KqZprvpWlcE
S456,Tattoo,Sweden,Loreen,2023,1,https://youtube.com/watch?v=Vul5zgC5Yvg
S457,Tears Getting Sober,Bulgaria,Victoria,2020,,https://youtube.com/watch?v=V_hgYnwZR8I
S458,Technicolour,Australia,Montaigne,2021,34,
S459,Tell Me More,Azerbaijan,TuralTuranX,2023,34,https://youtube.com/watch?v=5dvsr-L3HgY
S460,That Night,Latvia,Carousel,2019,36,https://youtube.com/watch?v=NCtKU3m3R-8
S461,That Sounds Good To Me,United Kingdom,Josh,2010,25,https://youtube.com/watch?v=fR7l2xC4cOY
S462,That's How You Write a Song,Norway,Alexander Rybak,2018,15,https://youtube.com/watch?v=N17BdRwOvBA
S463,That's Rich,Republic of Ireland,Brooke Scullion,2022,34,https://youtube.com/watch?v=Kq2AJrWm04s
S464,The Balkan Girls,Romania,Elena,2009,19,https://youtube.com/watch?v=ioBTPQj7loM
S465,The Dream,Croatia,Roko,2019,34,https://youtube.com/watch?v=gXT5E8kUgfs
S466,The Highest Heights,Switzerland,Lovebugs,2009,33,https://youtube.com/watch?v=OqBhqj5nIpE
S467,The Last of Our Kind,Switzerland,Rykka,2016,41,https://youtube.com/watch?v=HZI0_aR7BuA
S468,The Lucky One,Estonia,Uku Suviste,2021,31,https://youtube.com/watch?v=mhMZQyv_Fhw
S469,The Moon Is Rising,Latvia,Samanta Ta«na,2021,39,https://youtube.com/watch?v=btA_Tyiyfhc
S470,The Real Thing,Montenegro,Highway,2016,32,https://youtube.com/watch?v=FgKehisElQI
S471,The Ride,Poland,Rafaa‚,2021,33,
S472,The Secret Is Love,Austria,Nadine Beiler,2011,18,https://youtube.com/watch?v=UsBC5AB1tFo
S473,The Show,Denmark,Reddi,2022,31,https://youtube.com/watch?v=cVg6MpVR2Pw
S474,The Way You Are,Denmark,Anti Social Media,2015,32,https://youtube.com/watch?v=J--Tgi_iZQ8
S475,The Wrong Place,Belgium,Hooverphonic,2021,19,
S476,There Must Be Another Way,Israel,Noa & Mira Awad,2009,16,https://youtube.com/watch?v=bBTQFOkFZw8
S477,Think About Things,Iceland,Daa°i & Gagnamagnia°,2020,,https://youtube.com/watch?v=1HU7ocv3S2o
S478,This is Love,Greece,Demy,2017,19,https://youtube.com/watch?v=iO14p2uCzkM
S479,This Is My Life,Sweden,Anna Bergendahl,2010,26,https://youtube.com/watch?v=UH5cowCvCX4
S480,This Is Our Night,Greece,Sakis Rouvas,2009,7,https://youtube.com/watch?v=1cXpPgJXT4c
S481,This Is The Night,Malta,Kurt Calleja,2012,21,https://youtube.com/watch?v=lUnEZp-qHxs
S482,This Time,Lithuania,Monika & Vaidas,2015,18,https://youtube.com/watch?v=r13a2VUTajU
S483,Three Minutes To Earth,Georgia,The Shin and Mariko,2014,36,https://youtube.com/watch?v=0v69AvCQJQY
S484,Thunder and Lightning,Bosnia and Herzegovina,Vukaain Brajiat,2010,17,https://youtube.com/watch?v=wgPtHtmSFec
S485,Tick-Tock,Croatia,Albina,2021,27,https://youtube.com/watch?v=vKdxjoNluzY
S486,Time,Israel,Izabo,2012,35,https://youtube.com/watch?v=-uy4ggnLzKI
S487,Time,Belarus,Uzari & Maimuna,2015,30,https://youtube.com/watch?v=Cwjm1lRV4N4
S488,Time,Ukraine,O.Torvald,2017,24,https://youtube.com/watch?v=mogNLkIEI0k
S489,Time To Shine,Switzerland,Malanie Rena,2015,40,https://youtube.com/watch?v=ya1r_nFHiCQ
S490,To the Sky,North Macedonia,Tijana,2014,31,https://youtube.com/watch?v=2BqLPMF8Xdc
S491,Todas As Ruas Do Amor,Portugal,Flor-de-lis,2009,15,https://youtube.com/watch?v=ryE2npWRICk
S492,Together,Republic of Ireland,Ryan O'Shaughnessy,2018,16,https://youtube.com/watch?v=QD1cQ2wZ1dk
S493,Tomorrow,Malta,Gianluca,2013,8,https://youtube.com/watch?v=VK4TvZeL6c0
S494,Tonight Again,Australia,Guy Sebastian,2015,5,https://youtube.com/watch?v=H0EhhZWXTng
S495,Too Late for Love,Sweden,John Lundvik,2019,5,https://youtube.com/watch?v=oEdWkdVKIqQ
S496,Tout l'univers,Switzerland,Gjon's Tears,2021,3,https://youtube.com/watch?v=jznH_fltcYA
S497,Toy,Israel,Netta Barzilai,2018,1,https://youtube.com/watch?v=84LBjXaeKk4
S498,Truth,Azerbaijan,Chingiz,2019,8,https://youtube.com/watch?v=D6vvuCiHwSs
S499,Unbreakable,Switzerland,Sinplus,2012,28,https://youtube.com/watch?v=lkMSptuVqHQ
S500,Unbroken,Iceland,Mara­a a“lafsda³ttir,2015,37,https://youtube.com/watch?v=0Jl-Hr137uM
S501,Under the Ladder,Ukraine,Malovin,2018,17,https://youtube.com/watch?v=lhOuMYtQ94M
S502,Undo,Sweden,Sanna Nielsen,2014,3,https://youtube.com/watch?v=5PQJI-3LW-8
S503,Unicorn,Israel,Noa Kirel,2023,3,https://youtube.com/watch?v=r4wbdKmM3bQ
S504,Universo,Spain,Blas Canta³,2020,,https://youtube.com/watch?v=zuDdex1st-Y
S505,Uno,Russia,Little Big,2020,,https://youtube.com/watch?v=L_dWvTCdDQ4
S506,Utopian Land,Greece,Argo,2016,38,https://youtube.com/watch?v=55ubbjAzwYA
S507,Verjamem,Slovenia,Eva Boto,2012,37,https://youtube.com/watch?v=jEHNRKnrWiU
S508,Verona,Estonia,Koit Toome & Laura,2017,32,https://youtube.com/watch?v=NxqPpzWYN1c
S509,Vida Minha,Portugal,Filipa Sousa,2012,31,https://youtube.com/watch?v=fk5i7Hfyy3o
S510,Violent Thing,Germany,Ben Dolic,2020,,https://youtube.com/watch?v=hAobDQ9GbT4
S511,Viszlat Nyar,Hungary,AWS,2018,21,https://youtube.com/watch?v=p6e1TmYb33w
S512,Voda,Slovenia,Ana Soklia,2020,,https://youtube.com/watch?v=weLeotNwexg
S513,Voices,Sweden,Tusse,2021,14,https://youtube.com/watch?v=NyJRyif6_kk
S514,Voy A Quedarme,Spain,Blas Canta³,2021,24,https://youtube.com/watch?v=thV-vhOQHvQ
S515,Wake Up,Belgium,Eliot,2019,31,https://youtube.com/watch?v=iFB9NnjU4ns
S516,Walk Along,Netherlands,Trijntje Oosterhuis,2015,33,https://youtube.com/watch?v=O_fs4SPGyF0
S517,Walk on Water,Malta,Ira Losco,2016,12,https://youtube.com/watch?v=58YS5m3EYVY
S518,Walking Out,Armenia,Srbuk,2019,37,https://youtube.com/watch?v=avBwSUYlTtI
S519,Warrior,Georgia,Nina Sublatti,2015,11,https://youtube.com/watch?v=gWgDzQ0mWTg
S520,Warrior,Malta,Amber,2015,29,https://youtube.com/watch?v=SaJxu3vorLc
S521,Wars For Nothing,Hungary,Boggie,2015,20,https://youtube.com/watch?v=gzHNFFSFTIs
S522,Watch My Dance,Greece,Loucas Yiorkas feat. Stereo Mike,2011,7,https://youtube.com/watch?v=FdZzklXoAOg
S523,Waterfall,Georgia,Nodi Tatishvili & Sophie Gelovani,2013,15,https://youtube.com/watch?v=-n3mwx0vQDE
S524,Watergun,Switzerland,Remo Forrer,2023,20,https://youtube.com/watch?v=_8-Sbc_GZMc
S525,Waterline,Republic of Ireland,Jedward,2012,19,https://youtube.com/watch?v=e1cuimKLNpU
S526,We Are One,Republic of Ireland,Wild Youth,2023,31,https://youtube.com/watch?v=ak5Fevs424Y
S527,We Are The Heroes,Belarus,Litesound,2012,34,https://youtube.com/watch?v=-JWbOKNaIAo
S528,We Could Be The Same,Turkey,maNga,2010,2,https://youtube.com/watch?v=524Yy7JWBd4
S529,We Got Love,Australia,Jessica Mauboy,2018,20,https://youtube.com/watch?v=2BBLTY6T2Ck
S530,What About My Dreams?,Hungary,Kati Wolf,2011,22,https://youtube.com/watch?v=IuGUz1ExflY
S531,What For?,Latvia,Aisha,2010,37,https://youtube.com/watch?v=oRjtqVkj5w0
S532,What If,Russia,Dina Garipova,2013,5,https://youtube.com/watch?v=wHNwk3Oez8U
S533,What If We,Malta,Chiara,2009,22,https://youtube.com/watch?v=kX5STdIuiEg
S534,What Love Is,Estonia,Uku Suviste,2020,,https://youtube.com/watch?v=3EIQ6U039ms
S535,What They Say,Greece,Victor Vernicos,2023,30,https://youtube.com/watch?v=qL0EkId_sTY
S536,What's the Pressure,Belgium,Laura Tesoro,2016,10,https://youtube.com/watch?v=xDBjhAGaeWg
S537,When The Music Dies,Azerbaijan,Sabina Babayeva,2012,4,https://youtube.com/watch?v=yzT7O3Fnwpk
S538,When We're Old,Lithuania,Ieva Zasimauskaita—,2018,12,https://youtube.com/watch?v=pPDFhfU25go
S539,Where I Am,Denmark,Anja,2017,20,https://youtube.com/watch?v=vUbGnq8maS0
S540,Who The Hell Is Edgar?,Austria,Teya & Salena,2023,15,https://youtube.com/watch?v=ZMmLeV47Au4
S541,Who We Are,San Marino,Jessika feat. Jenifer Brening,2018,40,https://youtube.com/watch?v=66D0pKVdA-4
S542,Wild Soul,Moldova,Cristina Scarlat,2014,37,https://youtube.com/watch?v=l9ZfGttI4P0
S543,With Love Baby,Belgium,Witloof Bay,2011,28,https://youtube.com/watch?v=nTLAzDVu80E
S544,Woki Mit Deim Popo,Austria,Trackshittaz,2012,42,https://youtube.com/watch?v=b-qu5hGwero
S545,World,Albania,Lindita,2017,34,https://youtube.com/watch?v=NyKOBMAXFFA
S546,Would You?,Belgium,Iris,2012,41,https://youtube.com/watch?v=7Z_5s5gnrCM
S547,X My Heart,Azerbaijan,Aisel,2018,30,https://youtube.com/watch?v=1CUwlpqUuvA
S548,Yes,Denmark,Ben & Tan,2020,,https://youtube.com/watch?v=XQ5tMhQIp1E
S549,Yodel It!,Romania,Ilinca feat. Alex Florea,2017,7,https://youtube.com/watch?v=ZSHc7iDuBCQ
S550,You,Sweden,Robin Stjernberg,2013,14,https://youtube.com/watch?v=vtjdTPnCcu0
S551,You,North Macedonia,Vasil,2020,,https://youtube.com/watch?v=xPZumQQExQc
S552,You,Georgia,Tornike Kipiani,2021,38,https://youtube.com/watch?v=5qnogt74_F8
S553,You And Me,Netherlands,Joan Franka,2012,33,https://youtube.com/watch?v=JCc0Iiu3DiU
S554,You And Me,Switzerland,Takasa,2013,31,https://youtube.com/watch?v=Ba6ovg4yAto
S555,You Are the Only One,Russia,Sergey Lazarev,2016,3,https://youtube.com/watch?v=e94dst20C9Y
S556,You Let Me Walk Alone,Germany,Michael Schulte,2018,4,https://youtube.com/watch?v=N4YwSy4Q9k0
S557,You're Not Alone,United Kingdom,Joe & Jake,2016,24,https://youtube.com/watch?v=XgGahKsBtts
S558,Zaleilah,Romania,Mandinga,2012,12,https://youtube.com/watch?v=K3ruy639kTQ
S559,Zero Gravity,Australia,Kate Miller-Heidke,2019,9,https://youtube.com/watch?v=Eo5H62mCIsg
S560,Zitti e buoni,Italy,Mayneskin,2021,1,https://youtube.com/watch?v=RVH5dn1cxAQ
