p_ID,song_name,country,artist,p_year,overall_place,performance_vid
PER1,Fairytale,Norway,Alexander Rybak,2009,1,https://youtube.com/watch?v=WXwgZL4zx9o
PER2,Is It True?,Iceland,Yohanna,2009,2,https://youtube.com/watch?v=qqE69feyEOU
PER3,Always,Azerbaijan,AySel & Arash,2009,3,https://youtube.com/watch?v=9OEIOS1oUeY
PER4,Dam Tek Tek,Turkey,Hadise,2009,4,https://youtube.com/watch?v=wwFkWsr9yV4
PER5,It's My Time,United Kingdom,Jade Ewen,2009,5,https://youtube.com/watch?v=PBykhFyy-ZE
PER6,Randajad,Estonia,Urban Symphony,2009,6,https://youtube.com/watch?v=PgGiVnhfXs0
PER7,This Is Our Night,Greece,Sakis Rouvas,2009,7,https://youtube.com/watch?v=1cXpPgJXT4c
PER8,Et S'il Fallait Le Faire,France,Patricia Kaas,2009,8,https://youtube.com/watch?v=C3eYBMYeUE8
PER9,Bistra Voda,Bosnia and Herzegovina,Regina,2009,9,https://youtube.com/watch?v=1770jHxvYi0
PER10,Jan Jan,Armenia,Inga & Anush,2009,10,https://youtube.com/watch?v=1AH6jCbDh98
PER11,Mamo,Russia,Anastasia Prikhodko,2009,11,https://youtube.com/watch?v=K5kKOVoO55g
PER12,Be my Valentine! (Anti-crisis Girl),Ukraine,Svetlana Loboda,2009,12,https://youtube.com/watch?v=rGJqLCuqssc
PER13,Believe Again,Denmark,Brinck,2009,13,https://youtube.com/watch?v=j7ZatW7tsxQ
PER14,Hora Din Moldova,Moldova,Nelly Ciobanu,2009,14,https://youtube.com/watch?v=ZoP_0okrWyo
PER15,Todas As Ruas Do Amor,Portugal,Flor-de-lis,2009,15,https://youtube.com/watch?v=ryE2npWRICk
PER16,There Must Be Another Way,Israel,Noa & Mira Awad,2009,16,https://youtube.com/watch?v=bBTQFOkFZw8
PER17,Carry Me In Your Dreams,Albania,Kejsi Tola,2009,17,https://youtube.com/watch?v=w6Ori4A4ATo
PER18,Lijepa Tena,Croatia,Igor Cukrov feat. Andrea,2009,18,https://youtube.com/watch?v=jdLct2IqcLA
PER19,The Balkan Girls,Romania,Elena,2009,19,https://youtube.com/watch?v=ioBTPQj7loM
PER20,Miss Kiss Kiss Bang,Germany,Alex Swings Oscar Sings!,2009,20,https://youtube.com/watch?v=veeOUiB6ojk
PER21,La Voix,Sweden,Malena Ernman,2009,21,https://youtube.com/watch?v=5WH2OwJeMBE
PER22,What If We,Malta,Chiara,2009,22,https://youtube.com/watch?v=kX5STdIuiEg
PER23,Love,Lithuania,Sasha Son,2009,23,https://youtube.com/watch?v=ukSmGIp_xVk
PER24,La Noche Es Para Ma­ (The Night Is For Me),Spain,Soraya,2009,24,https://youtube.com/watch?v=zw8uKCrDt7U
PER25,Lose Control,Finland,Waldo's People,2009,25,https://youtube.com/watch?v=D-Wr0z1_quw
PER26,Cipela,Serbia,Marko Kon & Milaan,2009,26,https://youtube.com/watch?v=DRObP8XE4Ko
PER27,Et Cetera,Republic of Ireland,Sinaad Mulvey & Black Daisy,2009,27,https://youtube.com/watch?v=fL8xgcsvKdY
PER28,Neshto Shto Ke Ostane,North Macedonia,Next Time,2009,28,https://youtube.com/watch?v=TZzUe2gBkME
PER29,Just Get Out of My Life,Montenegro,Andrea Demiroviat,2009,29,https://youtube.com/watch?v=kaDW_BWgQQE
PER30,I Don't Wanna Leave,Poland,Lidia Kopania,2009,30,https://youtube.com/watch?v=8m2gIli9SoA
PER31,Firefly,Cyprus,Christina Metaxa,2009,31,https://youtube.com/watch?v=NeYGROG0mZc
PER32,Eyes That Never Lie,Belarus,Petr Elfimov,2009,32,https://youtube.com/watch?v=xy4CX_IKEfQ
PER33,The Highest Heights,Switzerland,Lovebugs,2009,33,https://youtube.com/watch?v=OqBhqj5nIpE
PER34,Dance With Me,Hungary,Zoli adok,2009,34,https://youtube.com/watch?v=Xd4vRC5ZdLI
PER35,Love Symphony,Slovenia,Quartissimo feat. Martina,2009,35,https://youtube.com/watch?v=zql3IGp4zO4
PER36,Shine,Netherlands,The Toppers,2009,36,https://youtube.com/watch?v=6mR3W2fm7_E
PER37,La Teva Decisia (Get A Life),Andorra,Susanne Georgi,2009,37,https://youtube.com/watch?v=3JnT7T877es
PER38,Leay Tmou,Slovakia,Kamil Mikulaa­k & Nela Pociskova,2009,38,https://youtube.com/watch?v=RLMU1u2ojfk
PER39,Illusion,Bulgaria,Krassimir Avramov,2009,39,https://youtube.com/watch?v=Ov4QYpIttF0
PER40,Probka,Latvia,Intars Busulis,2009,40,https://youtube.com/watch?v=fTajw--jk8M
PER41,Copycat,Belgium,Copycat,2009,41,https://youtube.com/watch?v=8qVdSbiYT8w
PER42,Aven Romale,Czech Republic,Gipsy.cz,2009,42,https://youtube.com/watch?v=JsjBPt-GeFc
PER43,Satellite,Germany,Lena,2010,1,https://youtube.com/watch?v=-qnsZgQe1tU
PER44,We Could Be The Same,Turkey,maNga,2010,2,https://youtube.com/watch?v=524Yy7JWBd4
PER45,Playing With Fire,Romania,Paula Seling & Ovi,2010,3,https://youtube.com/watch?v=6OlG9g4-cyg
PER46,In A Moment Like This,Denmark,Chanae & N'evergreen,2010,4,https://youtube.com/watch?v=nNhIVQ1KBb8
PER47,Drip Drop,Azerbaijan,Safura,2010,5,https://youtube.com/watch?v=7zWO-V0dmHg
PER48,Me And My Guitar,Belgium,Tom Dice,2010,6,https://youtube.com/watch?v=Nk1UAXlfBUA
PER49,Apricot Stone,Armenia,Eva Rivas,2010,7,https://youtube.com/watch?v=hgz5TZugISw
PER50,OPA,Greece,Giorgos Alkaios & Friends,2010,8,https://youtube.com/watch?v=J50RL1rDisA
PER51,Shine,Georgia,Sofia Nizharadze,2010,9,https://youtube.com/watch?v=2-1yBx6IQN0
PER52,Sweet People,Ukraine,Alyosha,2010,10,https://youtube.com/watch?v=NQ2mAuqnXZk
PER53,Lost And Forgotten,Russia,Peter Nalitch & Friends,2010,11,https://youtube.com/watch?v=IOB7uaWuRyc
PER54,Allez Olla Ola,France,Jessy Matador,2010,12,https://youtube.com/watch?v=anVLKrv28hs
PER55,Ovo Je Balkan,Serbia,Milan Stankoviat,2010,13,https://youtube.com/watch?v=TBwWB3kKd6o
PER56,Milim,Israel,Harel Skaat,2010,14,https://youtube.com/watch?v=OG7fBifcRLk
PER57,Algo Pequeaito,Spain,Daniel Diges,2010,15,https://youtube.com/watch?v=_Unb161ZI-s
PER58,It's All About You,Albania,Juliana Pasha,2010,16,https://youtube.com/watch?v=3ZLlQE8ICno
PER59,Thunder and Lightning,Bosnia and Herzegovina,Vukaain Brajiat,2010,17,https://youtube.com/watch?v=wgPtHtmSFec
PER60,Ha Dias Assim,Portugal,Filipa Azevedo,2010,18,https://youtube.com/watch?v=_mTaVdnTMwo
PER61,Je Ne Sais Quoi,Iceland,Hera Bja¶rk,2010,19,https://youtube.com/watch?v=8vM7XAM6fzo
PER62,My Heart Is Yours,Norway,Didrik Solli-Tangen,2010,20,https://youtube.com/watch?v=h3KlbuVZGJw
PER63,Life Looks Better In Spring,Cyprus,Jon Lilygreen & The Islanders,2010,21,https://youtube.com/watch?v=KVsue-XPY0s
PER64,Run Away,Moldova,Sunstroke Project & Olia Tira,2010,22,https://youtube.com/watch?v=C-VMHOlCyW8
PER65,It's For You,Republic of Ireland,Niamh Kavanagh,2010,23,https://youtube.com/watch?v=HZnrupI_Mms
PER66,Butterflies,Belarus,3+2,2010,24,https://youtube.com/watch?v=5e0FQkgnm4Q
PER67,That Sounds Good To Me,United Kingdom,Josh,2010,25,https://youtube.com/watch?v=fR7l2xC4cOY
PER68,This Is My Life,Sweden,Anna Bergendahl,2010,26,https://youtube.com/watch?v=UH5cowCvCX4
PER69,Tya¶lki Ellaa,Finland,Kuunkuiskaajat,2010,27,https://youtube.com/watch?v=oicT3jWtsc4
PER70,Eastern European Funk,Lithuania,InCulto,2010,28,https://youtube.com/watch?v=XeOn-GG_eHo
PER71,My Dream,Malta,Thea Garrett,2010,29,https://youtube.com/watch?v=iwgF3TC2Kj0
PER72,Legenda,Poland,Marcin Mrozia„ski,2010,30,https://youtube.com/watch?v=VmEUURZXUlE
PER73,Siren,Estonia,Malcolm Lincoln,2010,31,https://youtube.com/watch?v=yFbVAQjESzE
PER74,Jas Ja Imam Silata,North Macedonia,Gjoko Taneski,2010,32,https://youtube.com/watch?v=3sYNmPkivyU
PER75,Lako Je Sve,Croatia,Feminnem,2010,33,https://youtube.com/watch?v=x2M9zNayOF0
PER76,Ik Ben Verliefd (Sha-la-lie),Netherlands,Sieneke,2010,34,https://youtube.com/watch?v=HdA2SsM3BLI
PER77,Horehronie,Slovakia,Kristina Pelakova,2010,35,https://youtube.com/watch?v=j8G6byTMr0o
PER78,Angel Si Ti,Bulgaria,Miro,2010,36,https://youtube.com/watch?v=YTyTL04vlEw
PER79,What For?,Latvia,Aisha,2010,37,https://youtube.com/watch?v=oRjtqVkj5w0
PER80,Narodnozabavni Rock,Slovenia,Ansambel a½lindra & Kalamari,2010,38,https://youtube.com/watch?v=2faHkE1JZwc
PER81,Il Pleut de L'Or,Switzerland,Michael von der Heide,2010,39,https://youtube.com/watch?v=qW2UPf1_Lcg
PER82,Running Scared,Azerbaijan,Ell/Nikki,2011,1,https://youtube.com/watch?v=_0tlQUW5X0U
PER83,Madness Of Love,Italy,Raphael Gualazzi,2011,2,https://youtube.com/watch?v=TE0uNLp3LuU
PER84,Popular,Sweden,Eric Saade,2011,3,https://youtube.com/watch?v=-04pUETT7oI
PER85,Angel,Ukraine,Mika Newton,2011,4,https://youtube.com/watch?v=g_xRmEkR6KE
PER86,New Tomorrow,Denmark,A Friend In London,2011,5,https://youtube.com/watch?v=YDXeK0r3aKs
PER87,Love In Rewind,Bosnia and Herzegovina,Dino Merlin,2011,6,https://youtube.com/watch?v=mBg3coarF_8
PER88,Watch My Dance,Greece,Loucas Yiorkas feat. Stereo Mike,2011,7,https://youtube.com/watch?v=FdZzklXoAOg
PER89,Lipstick,Republic of Ireland,Jedward,2011,8,https://youtube.com/watch?v=XgrlG6hQbNM
PER90,One More Day,Georgia,Eldrine,2011,9,https://youtube.com/watch?v=CfJVlssy0cc
PER91,Taken By A Stranger,Germany,Lena,2011,10,https://youtube.com/watch?v=KqZprvpWlcE
PER92,I Can,United Kingdom,Blue,2011,11,https://youtube.com/watch?v=y1dXMWWq6y8
PER93,So Lucky,Moldova,Zdob È™i Zdub,2011,12,https://youtube.com/watch?v=nHAY_OVN_gY
PER94,No One,Slovenia,Maja Keuc,2011,13,https://youtube.com/watch?v=NNP3nfvoqps
PER95,aŒaroban,Serbia,Nina,2011,14,https://youtube.com/watch?v=-CWvXKxjCs8
PER96,Sognu,France,Amaury Vassili,2011,15,https://youtube.com/watch?v=OTiBNPT-x_Y
PER97,Get You,Russia,Alexej Vorobjov,2011,16,https://youtube.com/watch?v=C-3ohaRN3MM
PER98,Change,Romania,Hotel FM,2011,17,https://youtube.com/watch?v=2a1Q_hpGLbs
PER99,The Secret Is Love,Austria,Nadine Beiler,2011,18,https://youtube.com/watch?v=UsBC5AB1tFo
PER100,C'est Ma Vie,Lithuania,Evelina Saaenko,2011,19,https://youtube.com/watch?v=S3_aSVE4t3M
PER101,Coming Home,Iceland,Sjonni's Friends,2011,20,https://youtube.com/watch?v=apc_qJf3nws
PER102,Da Da Dam,Finland,Paradise Oskar,2011,21,https://youtube.com/watch?v=1Fj9of4IzFU
PER103,What About My Dreams?,Hungary,Kati Wolf,2011,22,https://youtube.com/watch?v=IuGUz1ExflY
PER104,Que Me Quiten Lo Bailao,Spain,Luca­a Parez,2011,23,https://youtube.com/watch?v=91bKjEojSDU
PER105,Rockefeller Street,Estonia,Getter Jaani,2011,24,https://youtube.com/watch?v=UxvmdR7oYdQ
PER106,In Love For A While,Switzerland,Anna Rossinelli,2011,25,https://youtube.com/watch?v=wxLE5FmNJow
PER107,One Life,Malta,Glen Vella,2011,26,https://youtube.com/watch?v=U9YRL_pHxvU
PER108,Boom Boom,Armenia,Emmy,2011,27,https://youtube.com/watch?v=zqJD7fPSWAc
PER109,With Love Baby,Belgium,Witloof Bay,2011,28,https://youtube.com/watch?v=nTLAzDVu80E
PER110,Live It Up,Turkey,Ya¼ksek Sadakat,2011,29,https://youtube.com/watch?v=RgqKYI6myHM
PER111,Feel The Passion,Albania,Aurela Gaae,2011,30,https://youtube.com/watch?v=Mq0H6gY2jq4
PER112,Na Inat,Bulgaria,Poli Genova,2011,31,https://youtube.com/watch?v=NuenJb-vw9A
PER113,I'm Still Alive,Slovakia,TWiiNS,2011,32,https://youtube.com/watch?v=6OUulUX7_hE
PER114,I Love Belarus,Belarus,Anastasiya Vinnikova,2011,33,https://youtube.com/watch?v=frhQMuyH0lg
PER115,Celebrate,Croatia,Daria,2011,34,https://youtube.com/watch?v=wTJzolnObu0
PER116,Ding Dong,Israel,Dana International,2011,35,https://youtube.com/watch?v=bWVuuvqEArE
PER117,Rusinka,North Macedonia,Vlatko Ilievski,2011,36,https://youtube.com/watch?v=JrCOhclzLbE
PER118,Stand By,San Marino,Senit,2011,37,https://youtube.com/watch?v=TTCBm8Z2CrY
PER119,Haba Haba,Norway,Stella Mwangi,2011,38,https://youtube.com/watch?v=cRhJzdDFFHA
PER120,Angel In Disguise,Latvia,Musiqq,2011,39,https://youtube.com/watch?v=qBTMLCloxBw
PER121,Luta a‰ Alegria,Portugal,Homens Da Luta,2011,40,https://youtube.com/watch?v=bEPCC3_COLs
PER122,Jestem,Poland,Magdalena Tul,2011,41,https://youtube.com/watch?v=6u4uznE0GxI
PER123,San Aggelos S'agapisa,Cyprus,Christos Mylordos,2011,42,https://youtube.com/watch?v=1t0czUf9nJU
PER124,Never Alone,Netherlands,3JS,2011,43,https://youtube.com/watch?v=oJ6T43D82KY
PER125,Euphoria,Sweden,Loreen,2012,1,https://youtube.com/watch?v=Pfo-8z86x80
PER126,Party For Everybody,Russia,Buranovskiye Babushki,2012,2,https://youtube.com/watch?v=BgUstrmJzyc
PER127,Nije Ljubav Stvar,Serbia,a½eljko Joksimoviat,2012,3,https://youtube.com/watch?v=R9x9VbJzaDQ
PER128,When The Music Dies,Azerbaijan,Sabina Babayeva,2012,4,https://youtube.com/watch?v=yzT7O3Fnwpk
PER129,Suus,Albania,Rona Nishliu,2012,5,https://youtube.com/watch?v=QeBL2UHhyEc
PER130,Kuula,Estonia,Ott Lepland,2012,6,https://youtube.com/watch?v=T7BaTBe0UD8
PER131,Love Me Back,Turkey,Can Bonomo,2012,7,https://youtube.com/watch?v=3Qa7_y21oOY
PER132,Standing Still,Germany,Roman Lob,2012,8,https://youtube.com/watch?v=cScJPH20P3A
PER133,L'Amore aˆ Femmina (Out Of Love),Italy,Nina Zilli,2012,9,https://youtube.com/watch?v=v0kGpDEvtbQ
PER134,Quadate Conmigo,Spain,Pastora Soler,2012,10,https://youtube.com/watch?v=U8J1b62wOao
PER135,Laƒutar,Moldova,Pasha Parfeny,2012,11,https://youtube.com/watch?v=vIy0EtEeLEw
PER136,Zaleilah,Romania,Mandinga,2012,12,https://youtube.com/watch?v=K3ruy639kTQ
PER137,Crno I Belo,North Macedonia,Kaliopi,2012,13,https://youtube.com/watch?v=MSuCdNEy9w0
PER138,Love Is Blind,Lithuania,Donny Montell,2012,14,https://youtube.com/watch?v=x2vNoZnJxgY
PER139,Be My Guest,Ukraine,Gaitana,2012,15,https://youtube.com/watch?v=sLsTn_li5d8
PER140,La La Love,Cyprus,Ivi Adamou,2012,16,https://youtube.com/watch?v=ex133UhxB64
PER141,Aphrodisiac,Greece,Eleftheria Eleftheriou,2012,17,https://youtube.com/watch?v=NreIi8ma_PY
PER142,Korake Ti Znam,Bosnia and Herzegovina,Maya Sar,2012,18,https://youtube.com/watch?v=81hIbZNoFU8
PER143,Waterline,Republic of Ireland,Jedward,2012,19,https://youtube.com/watch?v=e1cuimKLNpU
PER144,Never Forget,Iceland,Greta Sala³me & Ja³nsi,2012,20,https://youtube.com/watch?v=zRqmHRbJvTo
PER145,This Is The Night,Malta,Kurt Calleja,2012,21,https://youtube.com/watch?v=lUnEZp-qHxs
PER146,Echo (You And I),France,Anggun,2012,22,https://youtube.com/watch?v=0DZ7DbdeOeE
PER147,Should've Known Better,Denmark,Soluna Samay,2012,23,https://youtube.com/watch?v=U5X2r_t-KBk
PER148,Sound Of Our Hearts,Hungary,Compact Disco,2012,24,https://youtube.com/watch?v=sw85G2AlU2c
PER149,Love Will Set You Free,United Kingdom,Engelbert Humperdinck,2012,25,https://youtube.com/watch?v=rXw4Q5jbNqQ
PER150,Stay,Norway,Tooji,2012,26,https://youtube.com/watch?v=-ZaxIY1VAbM
PER151,Love Unlimited,Bulgaria,Sofi Marinova,2012,27,https://youtube.com/watch?v=WAUAETPcFBI
PER152,Unbreakable,Switzerland,Sinplus,2012,28,https://youtube.com/watch?v=lkMSptuVqHQ
PER153,Nebo,Croatia,Nina Badriat,2012,29,https://youtube.com/watch?v=QzdI4yuqwzY
PER154,Nar Jag Blundar,Finland,Pernilla,2012,30,https://youtube.com/watch?v=MRC5NzxmrAA
PER155,Vida Minha,Portugal,Filipa Sousa,2012,31,https://youtube.com/watch?v=fk5i7Hfyy3o
PER156,I'm A Joker,Georgia,Anri Jokhadze,2012,32,https://youtube.com/watch?v=xfpKnMBjdrU
PER157,You And Me,Netherlands,Joan Franka,2012,33,https://youtube.com/watch?v=JCc0Iiu3DiU
PER158,We Are The Heroes,Belarus,Litesound,2012,34,https://youtube.com/watch?v=-JWbOKNaIAo
PER159,Time,Israel,Izabo,2012,35,https://youtube.com/watch?v=-uy4ggnLzKI
PER160,The Social Network Song,San Marino,Valentina Monetta,2012,36,https://youtube.com/watch?v=y7IoR_5HPQ0
PER161,Verjamem,Slovenia,Eva Boto,2012,37,https://youtube.com/watch?v=jEHNRKnrWiU
PER162,Don't Close Your Eyes,Slovakia,Max Jason Mai,2012,38,https://youtube.com/watch?v=OTXz60794lI
PER163,Euro Neuro,Montenegro,Rambo Amadeus,2012,39,https://youtube.com/watch?v=JHnqF5PLP2w
PER164,Beautiful Song,Latvia,Anmary,2012,40,https://youtube.com/watch?v=KAxYfMFE_94
PER165,Would You?,Belgium,Iris,2012,41,https://youtube.com/watch?v=7Z_5s5gnrCM
PER166,Woki Mit Deim Popo,Austria,Trackshittaz,2012,42,https://youtube.com/watch?v=b-qu5hGwero
PER167,Only Teardrops,Denmark,Emmelie de Forest,2013,1,https://youtube.com/watch?v=p3f9v8ebuD4
PER168,Hold Me,Azerbaijan,Farid Mammadov,2013,2,https://youtube.com/watch?v=iN3d_V7KVLE
PER169,Gravity,Ukraine,Zlata Ognevich,2013,3,https://youtube.com/watch?v=BMxpv8naRd8
PER170,I Feed You My Love,Norway,Margaret Berger,2013,4,https://youtube.com/watch?v=gjm-kCOMaPY
PER171,What If,Russia,Dina Garipova,2013,5,https://youtube.com/watch?v=wHNwk3Oez8U
PER172,Alcohol Is Free,Greece,Koza Mostra feat. Agathon Iakovidis,2013,6,https://youtube.com/watch?v=_AfrOZersNk
PER173,L'Essenziale,Italy,Marco Mengoni,2013,7,https://youtube.com/watch?v=S8oaxDV1q6o
PER174,Tomorrow,Malta,Gianluca,2013,8,https://youtube.com/watch?v=VK4TvZeL6c0
PER175,Birds,Netherlands,Anouk,2013,9,https://youtube.com/watch?v=n5iazXvMw5o
PER176,Kedvesem,Hungary,ByeAlex,2013,10,https://youtube.com/watch?v=rOimfHq76xk
PER177,O Mie,Moldova,Aliona Moon,2013,11,https://youtube.com/watch?v=xckgLUv73Jc
PER178,Love Kills,Belgium,Roberto Bellarosa,2013,12,https://youtube.com/watch?v=dCl7OUFNSCA
PER179,It's My Life,Romania,Cezar,2013,13,https://youtube.com/watch?v=VgHWFiavqjA
PER180,You,Sweden,Robin Stjernberg,2013,14,https://youtube.com/watch?v=vtjdTPnCcu0
PER181,Waterfall,Georgia,Nodi Tatishvili & Sophie Gelovani,2013,15,https://youtube.com/watch?v=-n3mwx0vQDE
PER182,Solayoh,Belarus,Alyona Lanskaya,2013,16,https://youtube.com/watch?v=XKewBfUE2Mg
PER183,Ég Á Líf ,Iceland,Eythor Ingi,2013,17,https://youtube.com/watch?v=GzE88IYzXLI
PER184,Lonely Planet,Armenia,Dorians,2013,18,https://youtube.com/watch?v=UGOSZ7Uufno
PER185,Believe In Me,United Kingdom,Bonnie Tyler,2013,19,https://youtube.com/watch?v=-agn-ERgTXA
PER186,Et Uus Saaks Alguse,Estonia,Birgit,2013,20,https://youtube.com/watch?v=Ooo6GvZNLhI
PER187,Glorious,Germany,Cascada,2013,21,https://youtube.com/watch?v=3HYTd7WDCPg
PER188,Something,Lithuania,Andrius Pojavis,2013,22,https://youtube.com/watch?v=0VLhnzk_dAs
PER189,L'enfer Et Moi,France,Amandine Bourgeois,2013,23,https://youtube.com/watch?v=hQwiQj5Dyj8
PER190,Marry Me,Finland,Krista Siegfrids,2013,24,https://youtube.com/watch?v=dlBXOveVh7c
PER191,Contigo Hasta El Final (With You Until The End),Spain,ESDM,2013,25,https://youtube.com/watch?v=5o_DnM_ANF8
PER192,Only Love Survives,Republic of Ireland,Ryan Dolan,2013,26,https://youtube.com/watch?v=4tgtyl_5x5Y
PER193,Ljubav Je Svuda,Serbia,Moje 3,2013,27,https://youtube.com/watch?v=DbAAFijZIxE
PER194,Crisalide (Vola),San Marino,Valentina Monetta,2013,28,https://youtube.com/watch?v=YirZIBi2vnY
PER195,Samo Shampioni,Bulgaria,"Elitsa Todorova, Stoyan Yankulov",2013,29,https://youtube.com/watch?v=Cb46Mhy_mCI
PER196,Igranka,Montenegro,Who See,2013,30,https://youtube.com/watch?v=FR9rtB2ilZU
PER197,You And Me,Switzerland,Takasa,2013,31,https://youtube.com/watch?v=Ba6ovg4yAto
PER198,Mia¾erja,Croatia,Klapa s mora,2013,32,https://youtube.com/watch?v=FYm4sGd-qP0
PER199,Rak Bishvilo,Israel,Moran Mazor,2013,33,https://youtube.com/watch?v=BjbcD72OaI4
PER200,Identitet,Albania,Adrian Lulgjuraj & Bledar Sejko,2013,34,https://youtube.com/watch?v=3u5Se-vJ6MA
PER201,Shine,Austria,Natalia Kelly,2013,35,https://youtube.com/watch?v=gOJHi6JiKpY
PER202,Pred Da Se Razdeni,North Macedonia,Esma & Lozano,2013,36,https://youtube.com/watch?v=Vi1VYsOUCsY
PER203,Here We Go,Latvia,PeR,2013,37,https://youtube.com/watch?v=xze_ilAXwWE
PER204,An Me Thimasai,Cyprus,Despina Olympiou,2013,38,https://youtube.com/watch?v=Ekx8mT-fR80
PER205,Straight Into Love,Slovenia,Hannah,2013,39,https://youtube.com/watch?v=I2_zGcuEuwU
PER206,Rise Like a Phoenix,Austria,Conchita Wurst,2014,1,https://youtube.com/watch?v=QRUIava4WRM
PER207,Calm After The Storm,Netherlands,The Common Linnets,2014,2,https://youtube.com/watch?v=4ggBPAm5XLA
PER208,Undo,Sweden,Sanna Nielsen,2014,3,https://youtube.com/watch?v=5PQJI-3LW-8
PER209,Not Alone,Armenia,Aram MP3,2014,4,https://youtube.com/watch?v=oj0oOV-2fRQ
PER210,Running,Hungary,Andras Kallay-Saunders,2014,5,https://youtube.com/watch?v=T_RxJZ3N9kE
PER211,Tick - Tock,Ukraine,Mariya Yaremchuk,2014,6,https://youtube.com/watch?v=slHboKF9PIQ
PER212,Shine,Russia,Tolmachevy Sisters,2014,7,https://youtube.com/watch?v=BCNN1JAgWqk
PER213,Silent Storm,Norway,Carl Espen,2014,8,https://youtube.com/watch?v=BTMli8U17MM
PER214,Cliche Love Song,Denmark,Basim,2014,9,https://youtube.com/watch?v=jnCTsJkieY4
PER215,Dancing in the rain,Spain,Ruth Lorenzo,2014,10,https://youtube.com/watch?v=-OtuM3Zvkeo
PER216,Something Better,Finland,Softengine,2014,11,https://youtube.com/watch?v=3FDWaFfo1CU
PER217,Miracle,Romania,Paula Seling & OVI,2014,12,https://youtube.com/watch?v=qN2h6__yJGQ
PER218,Hunter Of Stars,Switzerland,Sebalter,2014,13,https://youtube.com/watch?v=DqjoM8ZlyMc
PER219,My Sa‚owianie - We Are Slavic,Poland,Donatan & Cleo,2014,14,https://youtube.com/watch?v=VJ920cN2HmA
PER220,No Prejudice,Iceland,Pollapa¶nk,2014,15,https://youtube.com/watch?v=U2qAvGsiCmc
PER221,Cheesecake,Belarus,Teo,2014,16,https://youtube.com/watch?v=tImGMW-4eHY
PER222,Children of the Universe,United Kingdom,Molly,2014,17,https://youtube.com/watch?v=C6w7tmWvm6M
PER223,Is It Right,Germany,Elaiza,2014,18,https://youtube.com/watch?v=BFuGH2Kp9dI
PER224,Moj Svijet,Montenegro,Sergej a†etkoviat,2014,19,https://youtube.com/watch?v=6FJtzRSKHKg
PER225,Rise Up,Greece,Freaky Fortune feat. RiskyKidd,2014,20,https://youtube.com/watch?v=c9y6A1uXLn8
PER226,La Mia Citta ,Italy,Emma,2014,21,https://youtube.com/watch?v=8W5ZlalAMV8
PER227,Start A Fire,Azerbaijan,Dilara Kazimova,2014,22,https://youtube.com/watch?v=5mPUMPcFQAY
PER228,Coming Home,Malta,Firelight,2014,23,https://youtube.com/watch?v=E_hT08vzHt8
PER229,Maybe (Forse),San Marino,Valentina Monetta,2014,24,https://youtube.com/watch?v=_eZNTBJ-Hyc
PER230,Round and Round,Slovenia,Tinkara Kovaa,2014,25,https://youtube.com/watch?v=CiwM1sY3u0s
PER231,Moustache,France,TWIN TWIN,2014,26,https://youtube.com/watch?v=vjkqciwP034
PER232,Quero Ser Tua,Portugal,Suzy,2014,27,https://youtube.com/watch?v=fhMbHLiEjS4
PER233,Attention,Lithuania,Vilija Mataaia«naita—,2014,28,https://youtube.com/watch?v=qOGEtw7tmik
PER234,Heartbeat,Republic of Ireland,Can-Linn feat. Kasey Smith,2014,29,https://youtube.com/watch?v=J9zEybTMeEs
PER235,Amazing,Estonia,Tanja,2014,30,https://youtube.com/watch?v=wi9Q1ufjooE
PER236,To the Sky,North Macedonia,Tijana,2014,31,https://youtube.com/watch?v=2BqLPMF8Xdc
PER237,Cake To Bake,Latvia,Aarzemnieki,2014,32,https://youtube.com/watch?v=h0D1Ya3NBQs
PER238,Mother,Belgium,Axel Hirsoux,2014,33,https://youtube.com/watch?v=wr3m4ghnq6w
PER239,One Night's Anger,Albania,Hersi,2014,34,https://youtube.com/watch?v=Ahu_K_Jh2vc
PER240,Same Heart,Israel,Mei Finegold,2014,35,https://youtube.com/watch?v=acOZVEN5XjE
PER241,Three Minutes To Earth,Georgia,The Shin and Mariko,2014,36,https://youtube.com/watch?v=0v69AvCQJQY
PER242,Wild Soul,Moldova,Cristina Scarlat,2014,37,https://youtube.com/watch?v=l9ZfGttI4P0
PER243,Heroes,Sweden,Mayns Zelmerla¶w,2015,1,https://youtube.com/watch?v=5sGOwFVUU0I
PER244,A Million Voices,Russia,Polina Gagarina,2015,2,https://youtube.com/watch?v=Q2gbKglCL5s
PER245,Grande Amore,Italy,Il Volo,2015,3,https://youtube.com/watch?v=1TOMqZV2jA8
PER246,Rhythm Inside,Belgium,Loa¯c Nottet,2015,4,https://youtube.com/watch?v=IjH-HYAFICg
PER247,Tonight Again,Australia,Guy Sebastian,2015,5,https://youtube.com/watch?v=H0EhhZWXTng
PER248,Love Injected,Latvia,Aminata Savadogo,2015,6,https://youtube.com/watch?v=PgmZaf1Sb_4
PER249,Goodbye to Yesterday,Estonia,Elina Born & Stig Rasta,2015,7,https://youtube.com/watch?v=gSWbx3CvVUk
PER250,A Monster Like Me,Norway,Ma¸rland & Debrah Scarlett,2015,8,https://youtube.com/watch?v=oVKJK9yb5xY
PER251,Golden Boy,Israel,Nadav Guedj,2015,9,https://youtube.com/watch?v=5bi1lK91bas
PER252,Beauty Never Lies,Serbia,Bojana Stamenov,2015,10,https://youtube.com/watch?v=gXGo70i94S8
PER253,Warrior,Georgia,Nina Sublatti,2015,11,https://youtube.com/watch?v=gWgDzQ0mWTg
PER254,Hour Of The Wolf,Azerbaijan,Elnur Ha¼seynov,2015,12,https://youtube.com/watch?v=L_y-yMIzTNc
PER255,Adio,Montenegro,Knez,2015,13,https://youtube.com/watch?v=vrYmyTJ87vI
PER256,Here for You,Slovenia,Maraaya,2015,14,https://youtube.com/watch?v=lTuHbVKYgY0
PER257,De La Capaƒt / All Over Again,Romania,Voltaj,2015,15,https://youtube.com/watch?v=o7iOFkEymXA
PER258,Face The Shadow,Armenia,Genealogy,2015,16,https://youtube.com/watch?v=BYXr2FccjKE
PER259,I'm Alive,Albania,Elhaida Dani,2015,17,https://youtube.com/watch?v=GtpMLqiplfY
PER260,This Time,Lithuania,Monika & Vaidas,2015,18,https://youtube.com/watch?v=r13a2VUTajU
PER261,One Last Breath,Greece,Maria Elena Kyriakou,2015,19,https://youtube.com/watch?v=qD6epZ-YWSc
PER262,Wars For Nothing,Hungary,Boggie,2015,20,https://youtube.com/watch?v=gzHNFFSFTIs
PER263,Amanecer,Spain,Edurne,2015,21,https://youtube.com/watch?v=NsMiJJlElAY
PER264,One Thing I Should Have Done,Cyprus,John Karayiannis,2015,22,https://youtube.com/watch?v=r7qMNtK9uM8
PER265,In The Name Of Love,Poland,Monika Kuszya„ska,2015,23,https://youtube.com/watch?v=VBI8TQXi--M
PER266,Still in Love with You,United Kingdom,Electro Velvet,2015,24,https://youtube.com/watch?v=Ethyx4A5ajM
PER267,Nâ€™oubliez pas,France,Lisa Angell,2015,25,https://youtube.com/watch?v=tJful-Jtc9o
PER268,I Am Yours,Austria,The Makemakes,2015,26,https://youtube.com/watch?v=-f993p0CAV8
PER269,Black Smoke,Germany,Ann Sophie,2015,27,https://youtube.com/watch?v=DGMJOchTRPc
PER270,I Want Your Love,Moldova,Eduard Romanyuta,2015,28,https://youtube.com/watch?v=px1MoZ0k7qY
PER271,Warrior,Malta,Amber,2015,29,https://youtube.com/watch?v=SaJxu3vorLc
PER272,Time,Belarus,Uzari & Maimuna,2015,30,https://youtube.com/watch?v=Cwjm1lRV4N4
PER273,Playing With Numbers,Republic of Ireland,Molly Sterling,2015,31,https://youtube.com/watch?v=3B5sdNJF0lk
PER274,The Way You Are,Denmark,Anti Social Media,2015,32,https://youtube.com/watch?v=J--Tgi_iZQ8
PER275,Walk Along,Netherlands,Trijntje Oosterhuis,2015,33,https://youtube.com/watch?v=O_fs4SPGyF0
PER276,Hope Never Dies,Czech Republic,Marta Jandova & Vaclav Noid Barta,2015,34,https://youtube.com/watch?v=SLz6VeSPXjA
PER277,Autumn Leaves,North Macedonia,Daniel Kajmakoski,2015,35,https://youtube.com/watch?v=TtSum7ouImU
PER278,Ha um mar que nos Separa,Portugal,Leonor Andrade,2015,36,https://youtube.com/watch?v=vE-LqXkb0ok
PER279,Unbroken,Iceland,Mara­a a“lafsda³ttir,2015,37,https://youtube.com/watch?v=0Jl-Hr137uM
PER280,Aina Mun Pitaa,Finland,Pertti Kurikan Nimipaivat,2015,38,https://youtube.com/watch?v=v4Y0HOPL5GU
PER281,Chain Of Lights,San Marino,Michele Perniola & Anita Simoncini,2015,39,https://youtube.com/watch?v=FE1KJYNvVAE
PER282,Time To Shine,Switzerland,Malanie Rena,2015,40,https://youtube.com/watch?v=ya1r_nFHiCQ
PER283,1944,Ukraine,Jamala,2016,1,https://youtube.com/watch?v=B-rnM-MwRHY
PER284,Sound of Silence,Australia,Dami Im,2016,2,https://youtube.com/watch?v=5ymFX91HwM0
PER285,You Are the Only One,Russia,Sergey Lazarev,2016,3,https://youtube.com/watch?v=e94dst20C9Y
PER286,If Love Was a Crime,Bulgaria,Poli Genova,2016,4,https://youtube.com/watch?v=PQqUTigWKHY
PER287,If I Were Sorry,Sweden,Frans,2016,5,https://youtube.com/watch?v=2AIPrVchJN8
PER288,J'ai Chercha,France,Amir,2016,6,https://youtube.com/watch?v=-aLPsiyavcU
PER289,LoveWave,Armenia,Iveta Mukuchyan,2016,7,https://youtube.com/watch?v=nL066Rp7J7k
PER290,Color of Your Life,Poland,Michaa‚ Szpak,2016,8,https://youtube.com/watch?v=87BBmxm7IJU
PER291,I've Been Waiting for This Night,Lithuania,Donny Montell,2016,9,https://youtube.com/watch?v=O1wS7NNCo38
PER292,What's the Pressure,Belgium,Laura Tesoro,2016,10,https://youtube.com/watch?v=xDBjhAGaeWg
PER293,Slow Down,Netherlands,Douwe Bob,2016,11,https://youtube.com/watch?v=PwF9DI89q1w
PER294,Walk on Water,Malta,Ira Losco,2016,12,https://youtube.com/watch?v=58YS5m3EYVY
PER295,Loin d'ici,Austria,Zoa«,2016,13,https://youtube.com/watch?v=3xuPYt5i5cE
PER296,Made of Stars,Israel,Hovi Star,2016,14,https://youtube.com/watch?v=SS5TB2XUdgs
PER297,Heartbeat,Latvia,Justs,2016,15,https://youtube.com/watch?v=o-2Lt7zzlBU
PER298,No Degree of Separation,Italy,Francesca Michielin,2016,16,https://youtube.com/watch?v=YfnhDfy8AjU
PER299,Miracle,Azerbaijan,Samra,2016,17,https://youtube.com/watch?v=cB8eSLyffsI
PER300,Goodbye (Shelter),Serbia,Sanja Vuaiat ZAA,2016,18,https://youtube.com/watch?v=yTlxLiSQWjk
PER301,Pioneer,Hungary,Freddie,2016,19,https://youtube.com/watch?v=bT2DcpqvorI
PER302,Midnight Gold,Georgia,Nika Kocharov & Young Georgian Lolitaz,2016,20,https://youtube.com/watch?v=rviE2-9eiTI
PER303,Alter Ego,Cyprus,Minus One,2016,21,https://youtube.com/watch?v=idUxTqmCFR0
PER304,Say Yay!,Spain,Barei,2016,22,https://youtube.com/watch?v=EgbjNsxehrY
PER305,Lighthouse,Croatia,Nina Kraljiat,2016,23,https://youtube.com/watch?v=8QUM-_EbE2o
PER306,You're Not Alone,United Kingdom,Joe & Jake,2016,24,https://youtube.com/watch?v=XgGahKsBtts
PER307,I Stand,Czech Republic,Gabriela Gunaa­kova,2016,25,https://youtube.com/watch?v=wVy3rTNSN4Y
PER308,Ghost,Germany,Jamie-Lee Kriewitz,2016,26,https://youtube.com/watch?v=bHDHi37bboE
PER309,Ljubav Je,Bosnia and Herzegovina,Dalal & Deen feat. Ana Rucner & Jala,2016,27,https://youtube.com/watch?v=QLrXmTB8OaY
PER310,Dona,North Macedonia,Kaliopi,2016,28,https://youtube.com/watch?v=uIIzwFoE6ME
PER311,Help You Fly,Belarus,Ivan,2016,29,https://youtube.com/watch?v=pM07r57QqGg
PER312,I Didn't Know,San Marino,Serhat,2016,30,https://youtube.com/watch?v=HzPkDb2FSeg
PER313,Icebreaker,Norway,Agnete,2016,31,https://youtube.com/watch?v=ACLcqZMwCSo
PER314,The Real Thing,Montenegro,Highway,2016,32,https://youtube.com/watch?v=FgKehisElQI
PER315,Blue and Red,Slovenia,ManuElla,2016,33,https://youtube.com/watch?v=ulI3F1T82is
PER316,Hear Them Calling,Iceland,Greta Sala³me,2016,34,https://youtube.com/watch?v=6osxLLPLUDk
PER317,Sing It Away,Finland,Sandhja,2016,35,https://youtube.com/watch?v=oAQIPxgQkM8
PER318,Sunlight,Republic of Ireland,Nicky Byrne,2016,36,https://youtube.com/watch?v=ezJsUMD-y-I
PER319,Fairytale,Albania,Eneda Tarifa,2016,37,https://youtube.com/watch?v=jdT5EGcTjYw
PER320,Utopian Land,Greece,Argo,2016,38,https://youtube.com/watch?v=55ubbjAzwYA
PER321,Soldiers of Love,Denmark,Lighthouse X,2016,39,https://youtube.com/watch?v=jGz12i-wGd0
PER322,Falling Stars,Moldova,Lidia Isac,2016,40,https://youtube.com/watch?v=LlhV-E6leTI
PER323,The Last of Our Kind,Switzerland,Rykka,2016,41,https://youtube.com/watch?v=HZI0_aR7BuA
PER324,Play,Estonia,Ja¼ri Pootsmann,2016,42,https://youtube.com/watch?v=g0-j0Eh8VNA
PER325,Amar Pelos Dois,Portugal,Salvador Sobral,2017,1,https://youtube.com/watch?v=Qotooj7ODCM
PER326,Beautiful Mess,Bulgaria,Kristian Kostov,2017,2,https://youtube.com/watch?v=OMmm-G078LM
PER327,Hey Mamma,Moldova,Sunstroke Project,2017,3,https://youtube.com/watch?v=SWaQdHoCvYk
PER328,City Lights,Belgium,Blanche,2017,4,https://youtube.com/watch?v=oxsCmChDYwA
PER329,I Can't Go On,Sweden,Robin Bengtsson,2017,5,https://youtube.com/watch?v=RjH_4oYqLw4
PER330,Occidentali's Karma,Italy,Francesco Gabbani,2017,6,https://youtube.com/watch?v=KieE_MLv-ZY
PER331,Yodel It!,Romania,Ilinca feat. Alex Florea,2017,7,https://youtube.com/watch?v=ZSHc7iDuBCQ
PER332,Origo,Hungary,Joci Papai,2017,8,https://youtube.com/watch?v=hqM0AkP7zcI
PER333,Don't Come Easy,Australia,Isaiah Firebrace,2017,9,https://youtube.com/watch?v=YTCP4S1dqwA
PER334,Grab the Moment,Norway,Jowst,2017,10,https://youtube.com/watch?v=U-Bk0PCotY0
PER335,Lights And Shadows,Netherlands,OG3NE,2017,11,https://youtube.com/watch?v=_9XsCqGg8ls
PER336,Requiem,France,Alma,2017,12,https://youtube.com/watch?v=HjiLKsLQl4I
PER337,My Friend,Croatia,Jacques Houdek,2017,13,https://youtube.com/watch?v=4Sya_GIxsw0
PER338,Skeletons,Azerbaijan,Dihaj,2017,14,https://youtube.com/watch?v=g_HSRHqd_7s
PER339,Never Give Up on You,United Kingdom,Lucie Jones,2017,15,https://youtube.com/watch?v=Fl1GYTg4GmA
PER340,Running On Air,Austria,Nathan Trent,2017,16,https://youtube.com/watch?v=gJIjZF5sgzg
PER341,Historyja Majho Zyccia,Belarus,Naviband,2017,17,https://youtube.com/watch?v=coFfFZvPmRY
PER342,Fly With Me,Armenia,Artsvik,2017,18,https://youtube.com/watch?v=g373Libigw8
PER343,This is Love,Greece,Demy,2017,19,https://youtube.com/watch?v=iO14p2uCzkM
PER344,Where I Am,Denmark,Anja,2017,20,https://youtube.com/watch?v=vUbGnq8maS0
PER345,Gravity,Cyprus,Hovig,2017,21,https://youtube.com/watch?v=ZDe9FCLgE04
PER346,Flashlight,Poland,Kasia Moa›,2017,22,https://youtube.com/watch?v=xVCokUW3BUo
PER347,I Feel Alive,Israel,Imri Ziv,2017,23,https://youtube.com/watch?v=YapnW_zfWJk
PER348,Time,Ukraine,O.Torvald,2017,24,https://youtube.com/watch?v=mogNLkIEI0k
PER349,Perfect Life,Germany,Levina,2017,25,https://youtube.com/watch?v=t1KKjykH6fw
PER350,Do It for Your Lover,Spain,Manel Navarro,2017,26,https://youtube.com/watch?v=qAOXHdLdlqQ
PER351,Keep The Faith,Georgia,Tamara Gachechiladze,2017,27,https://youtube.com/watch?v=agSS_a3ccgA
PER352,In Too Deep,Serbia,Tijana Bogiateviat,2017,28,https://youtube.com/watch?v=A0wAd-a0hXA
PER353,Apollo,Switzerland,Timebelle,2017,29,https://youtube.com/watch?v=OrNPRfS9Sbg
PER354,Blackbird,Finland,Norma John,2017,30,https://youtube.com/watch?v=Ufba0nOz0fQ
PER355,Dying To Try,Republic of Ireland,Brendan Murray,2017,31,https://youtube.com/watch?v=EOpZikqrfOA
PER356,Verona,Estonia,Koit Toome & Laura,2017,32,https://youtube.com/watch?v=NxqPpzWYN1c
PER357,My Turn,Czech Republic,Martina Barta,2017,33,https://youtube.com/watch?v=-KT8_ZOHAXE
PER358,World,Albania,Lindita,2017,34,https://youtube.com/watch?v=NyKOBMAXFFA
PER359,Dance Alone,North Macedonia,Jana Buraeska,2017,35,https://youtube.com/watch?v=XvIbLOOWfYI
PER360,Paper,Iceland,Svala,2017,36,https://youtube.com/watch?v=UPlm18-AlGg
PER361,Space,Montenegro,Slavko Kaleziat,2017,37,https://youtube.com/watch?v=rQ1BXJpfa4I
PER362,Breathlessly,Malta,Claudia Faniello,2017,38,https://youtube.com/watch?v=OXn-Ettr7yk
PER363,Rain Of Revolution,Lithuania,Fusedmarc,2017,39,https://youtube.com/watch?v=-7WpnSMEPjc
PER364,On My Way,Slovenia,Omar Naber,2017,40,https://youtube.com/watch?v=vbGub2klcV4
PER365,Line,Latvia,Triana Park,2017,41,https://youtube.com/watch?v=Vxos6ceOrRA
PER366,Spirit Of The Night,San Marino,Valentina Monetta & Jimmie Wilson,2017,42,https://youtube.com/watch?v=UC7QzXPnt6k
PER367,Toy,Israel,Netta Barzilai,2018,1,https://youtube.com/watch?v=84LBjXaeKk4
PER368,Fuego,Cyprus,Eleni Foureira,2018,2,https://youtube.com/watch?v=vyDTbJ4wenY
PER369,Nobody But You,Austria,Cesar Sampson,2018,3,https://youtube.com/watch?v=a8Yvzo1puoE
PER370,You Let Me Walk Alone,Germany,Michael Schulte,2018,4,https://youtube.com/watch?v=N4YwSy4Q9k0
PER371,Non Mi Avete Fatto Niente,Italy,Ermal Meta & Fabrizio Moro,2018,5,https://youtube.com/watch?v=81M-mp5t8uM
PER372,Lie To Me,Czech Republic,Mikolas Josef,2018,6,https://youtube.com/watch?v=w0ZUuQe0shk
PER373,Dance You Off,Sweden,Benjamin Ingrosso,2018,7,https://youtube.com/watch?v=z101xtUBflU
PER374,La Forza,Estonia,Elina Nechayeva,2018,8,https://youtube.com/watch?v=ImawXdXIGd8
PER375,Higher Ground,Denmark,Rasmussen,2018,9,https://youtube.com/watch?v=c0kP074Mw0k
PER376,My Lucky Day,Moldova,DoReDos,2018,10,https://youtube.com/watch?v=5evrVL1rJPA
PER377,Mall,Albania,Eugent Bushpepa,2018,11,https://youtube.com/watch?v=uyl1b1fVmdU
PER378,When We're Old,Lithuania,Ieva Zasimauskaita—,2018,12,https://youtube.com/watch?v=pPDFhfU25go
PER379,Mercy,France,Madame Monsieur,2018,13,https://youtube.com/watch?v=vjLuTtUv0Ns
PER380,Bones,Bulgaria,Equinox,2018,14,https://youtube.com/watch?v=vC-1tdGDFQc
PER381,That's How You Write a Song,Norway,Alexander Rybak,2018,15,https://youtube.com/watch?v=N17BdRwOvBA
PER382,Together,Republic of Ireland,Ryan O'Shaughnessy,2018,16,https://youtube.com/watch?v=QD1cQ2wZ1dk
PER383,Under the Ladder,Ukraine,Malovin,2018,17,https://youtube.com/watch?v=lhOuMYtQ94M
PER384,Outlaw In 'Em,Netherlands,Waylon,2018,18,https://youtube.com/watch?v=p7jHz5asMs8
PER385,Nova Deca,Serbia,Sanja Iliat & Balkanika,2018,19,https://youtube.com/watch?v=WRQWQShbPHU
PER386,We Got Love,Australia,Jessica Mauboy,2018,20,https://youtube.com/watch?v=2BBLTY6T2Ck
PER387,Viszlat Nyar,Hungary,AWS,2018,21,https://youtube.com/watch?v=p6e1TmYb33w
PER388,"Hvala, ne!",Slovenia,Lea Sirk,2018,22,https://youtube.com/watch?v=fBU0_hfST_o
PER389,Tu Cancia³n,Spain,Amaia & Alfred,2018,23,https://youtube.com/watch?v=28oMEFgSoyk
PER390,Storm,United Kingdom,SuRie,2018,24,https://youtube.com/watch?v=n0ydtXG-tqY
PER391,Monsters,Finland,Saara Aalto,2018,25,https://youtube.com/watch?v=hdjiuCUUpPc
PER392,O Jardim,Portugal,Claudia Pascoal,2018,26,https://youtube.com/watch?v=mHjGbADMcOI
PER393,Goodbye,Romania,The Humans,2018,27,https://youtube.com/watch?v=DGR4S3y7qcw
PER394,Funny Girl,Latvia,Laura Rizzotto,2018,28,https://youtube.com/watch?v=KGxANwWKz3U
PER395,Taboo,Malta,Christabelle,2018,29,https://youtube.com/watch?v=d52ViPImdls
PER396,X My Heart,Azerbaijan,Aisel,2018,30,https://youtube.com/watch?v=1CUwlpqUuvA
PER397,A Matter of Time,Belgium,Sennek,2018,31,https://youtube.com/watch?v=Z2cZE2gCfWg
PER398,Stones,Switzerland,Zibbz,2018,32,https://youtube.com/watch?v=wJGTVsluHkw
PER399,Light Me Up,Poland,Gromee feat. Lukas Meijer,2018,33,https://youtube.com/watch?v=oyoiCyP4Bkg
PER400,Oniro Mou,Greece,Yianna Terzi,2018,34,https://youtube.com/watch?v=-XOR1DhtDC0
PER401,Qami,Armenia,Sevak Khanagyan,2018,35,https://youtube.com/watch?v=CYlWiHjUK0c
PER402,I Won't Break,Russia,Julia Samoylova,2018,36,https://youtube.com/watch?v=KujGHwyfMWM
PER403,Forever,Belarus,Alekseev,2018,37,https://youtube.com/watch?v=ywy_y24v_ao
PER404,Crazy,Croatia,Franka,2018,38,https://youtube.com/watch?v=YxBLFbW5BqE
PER405,Inje,Montenegro,Vanja Radovanoviat,2018,39,https://youtube.com/watch?v=XEi080yOuB8
PER406,Who We Are,San Marino,Jessika feat. Jenifer Brening,2018,40,https://youtube.com/watch?v=66D0pKVdA-4
PER407,For You,Georgia,Ethno-Jazz Band Iriao,2018,41,https://youtube.com/watch?v=FvVx5-mzmm0
PER408,Lost And Found,North Macedonia,Eye Cue,2018,42,https://youtube.com/watch?v=MV_cR_Qb2Cg
PER409,Our Choice,Iceland,Ari a“lafsson,2018,43,https://youtube.com/watch?v=RQytWeg9CzE
PER410,Arcade,Netherlands,Duncan Laurence,2019,1,https://youtube.com/watch?v=R3D-r4ogr7s
PER411,Soldi,Italy,Mahmood,2019,2,https://youtube.com/watch?v=M-aoyPa41Ic
PER412,Scream,Russia,Sergey Lazarev,2019,3,https://youtube.com/watch?v=eNzlxEZ_JG4
PER413,She Got Me,Switzerland,Luca Hanni,2019,4,https://youtube.com/watch?v=8aUYzqAIdoM
PER414,Too Late for Love,Sweden,John Lundvik,2019,5,https://youtube.com/watch?v=oEdWkdVKIqQ
PER415,Spirit in the Sky,Norway,KEiiNO,2019,6,https://youtube.com/watch?v=Ovt7YGHAj8I
PER416,Proud,North Macedonia,Tamara Todevska,2019,7,https://youtube.com/watch?v=0pAURAsum4A
PER417,Truth,Azerbaijan,Chingiz,2019,8,https://youtube.com/watch?v=D6vvuCiHwSs
PER418,Zero Gravity,Australia,Kate Miller-Heidke,2019,9,https://youtube.com/watch?v=Eo5H62mCIsg
PER419,Hatria° mun sigra,Iceland,Hatari,2019,10,https://youtube.com/watch?v=kTb69WkBbvs
PER420,Friend of a Friend,Czech Republic,Lake Malawi,2019,11,https://youtube.com/watch?v=NJxLKFZKhNs
PER421,Love Is Forever,Denmark,Leonora,2019,12,https://youtube.com/watch?v=mucmvTLHJQM
PER422,Replay,Cyprus,Tamta,2019,13,https://youtube.com/watch?v=wIpEI-NhRxg
PER423,Chameleon,Malta,Michela Pace,2019,14,https://youtube.com/watch?v=H-byNyainRA
PER424,Sebi,Slovenia,Zala Kralj & Gaaper a antl,2019,15,https://youtube.com/watch?v=vGtPNQ6g6Ng
PER425,Roi,France,Bilal Hassani,2019,16,https://youtube.com/watch?v=AjZNbIQtWvw
PER426,Ktheju Toka«s,Albania,Jonida Maliqi,2019,17,https://youtube.com/watch?v=-NAbYUoxIfg
PER427,Kruna,Serbia,Nevena Boa¾oviat,2019,18,https://youtube.com/watch?v=X0mdaeAyPvA
PER428,Say Na Na Na,San Marino,Serhat,2019,19,https://youtube.com/watch?v=d_iEis_ZRoQ
PER429,Storm,Estonia,Victor Crone,2019,20,https://youtube.com/watch?v=PppvSl3_W4E
PER430,Better Love,Greece,Katerine Duska,2019,21,https://youtube.com/watch?v=5pQV_-40m_U
PER431,La Venda,Spain,Miki,2019,22,https://youtube.com/watch?v=lWXuohnM14U
PER432,Home,Israel,Kobi Marimi,2019,23,https://youtube.com/watch?v=uCdS42uCqP0
PER433,Like It,Belarus,Zena,2019,24,https://youtube.com/watch?v=C1Y9LBusHzA
PER434,Sister,Germany,S!sters,2019,25,https://youtube.com/watch?v=yFbSj_yPCPM
PER435,Bigger Than Us,United Kingdom,Michael Rice,2019,26,https://youtube.com/watch?v=HV-eOhTS8Dw
PER436,Pali sia™,Poland,Tulia,2019,27,https://youtube.com/watch?v=IEu0F5uobVo
PER437,Az an apam,Hungary,Joci Papai,2019,28,https://youtube.com/watch?v=IpVr0pBLfI4
PER438,Run with the Lions,Lithuania,Jurij Veklenko,2019,29,https://youtube.com/watch?v=5Nb3HMzsfZY
PER439,Stay,Moldova,Anna Odobescu,2019,30,https://youtube.com/watch?v=-mo207V5Z2o
PER440,Wake Up,Belgium,Eliot,2019,31,https://youtube.com/watch?v=iFB9NnjU4ns
PER441,On a Sunday,Romania,Ester Peony,2019,32,https://youtube.com/watch?v=cZC9o_Z90yo
PER442,Keep on Going,Georgia,Oto Nemsadze,2019,33,https://youtube.com/watch?v=vu4nHsaAJwU
PER443,The Dream,Croatia,Roko,2019,34,https://youtube.com/watch?v=gXT5E8kUgfs
PER444,Telema³veis,Portugal,Conan Osa­ris,2019,35,https://youtube.com/watch?v=SIGn9_yMLn4
PER445,That Night,Latvia,Carousel,2019,36,https://youtube.com/watch?v=NCtKU3m3R-8
PER446,Walking Out,Armenia,Srbuk,2019,37,https://youtube.com/watch?v=avBwSUYlTtI
PER447,Heaven,Montenegro,D mol,2019,38,https://youtube.com/watch?v=oV200JAouTc
PER448,Look Away,Finland,Darude feat. Sebastian Rejman,2019,39,https://youtube.com/watch?v=VSPhIwOJfRs
PER449,Limits,Austria,Pa¦nda,2019,40,https://youtube.com/watch?v=FVSZDF9O-bA
PER450,22,Republic of Ireland,Sarah McTernan,2019,41,https://youtube.com/watch?v=lX7DT9GMHQM
PER451,The Best in Me,France,Tom Leeb,2020,,https://youtube.com/watch?v=D02Xlo_LfRU
PER452,Violent Thing,Germany,Ben Dolic,2020,,https://youtube.com/watch?v=hAobDQ9GbT4
PER453,Fai rumore,Italy,Diodato,2020,,https://youtube.com/watch?v=TA57rugucwk
PER454,Grow,Netherlands,Jeangu Macrooy,2020,,https://youtube.com/watch?v=sMcxWB90TTY
PER455,Universo,Spain,Blas Canta³,2020,,https://youtube.com/watch?v=zuDdex1st-Y
PER456,My Last Breath,United Kingdom,James Newman,2020,,https://youtube.com/watch?v=6iS-lV909T4
PER457,Don't Break Me,Australia,Montaigne,2020,,https://youtube.com/watch?v=gr-wWxu4974
PER458,Da vidna,Belarus,VAL,2020,,https://youtube.com/watch?v=F0wfxz5zq04
PER459,Story Of My Life,Republic of Ireland,Lesley Roy,2020,,https://youtube.com/watch?v=HLgE0Ayl5Hc
PER460,On Fire,Lithuania,The Roop,2020,,https://youtube.com/watch?v=FxPm-Wz8qpY
PER461,You,North Macedonia,Vasil,2020,,https://youtube.com/watch?v=xPZumQQExQc
PER462,Uno,Russia,Little Big,2020,,https://youtube.com/watch?v=L_dWvTCdDQ4
PER463,Voda,Slovenia,Ana Soklia,2020,,https://youtube.com/watch?v=weLeotNwexg
PER464,Move,Sweden,The Mamas,2020,,https://youtube.com/watch?v=7EpSBDPlZn4
PER465,Cleopatra,Azerbaijan,Samira Efendi,2020,,https://youtube.com/watch?v=I0VzBCvO1Wk
PER466,Release Me,Belgium,Hooverphonic,2020,,https://youtube.com/watch?v=lAqjksxc4iA
PER467,Divlji vjetre,Croatia,Damir Keda¾o,2020,,https://youtube.com/watch?v=2rOwScdxjJU
PER468,Running,Cyprus,Sandro Nicolas,2020,,https://youtube.com/watch?v=Jl_qEw_4OK0
PER469,Feker Libi,Israel,Eden Alene,2020,,https://youtube.com/watch?v=YjzyZZ-oidc
PER470,All Of My Love,Malta,Destiny,2020,,https://youtube.com/watch?v=CFCn_8oViRw
PER471,Attention,Norway,Ulrikke Brandstorp,2020,,https://youtube.com/watch?v=o9atJbnqhJU
PER472,Alcohol You,Romania,Roxen,2020,,https://youtube.com/watch?v=TmqSU3v_Mtw
PER473,Solovey,Ukraine,Go_A,2020,,https://youtube.com/watch?v=zNetXPSld50
PER474,Alive,Austria,Vincent Bueno,2020,,https://youtube.com/watch?v=cOuiTJlBC50
PER475,Kemama,Czech Republic,Benny Cristo,2020,,https://youtube.com/watch?v=wROqCHLnbko
PER476,What Love Is,Estonia,Uku Suviste,2020,,https://youtube.com/watch?v=3EIQ6U039ms
PER477,Superg!rlâ€‹,Greece,Stefania,2020,,https://youtube.com/watch?v=dJxCINWp_j0
PER478,Think About Things,Iceland,Daa°i & Gagnamagnia°,2020,,https://youtube.com/watch?v=1HU7ocv3S2o
PER479,Prison,Moldova,Natalia Gordienko,2020,,https://youtube.com/watch?v=RnD1ApDo5_k
PER480,Empires,Poland,Alicja Szemplia„ska,2020,,https://youtube.com/watch?v=s_Y7mMka4SQ
PER481,Freaky!,San Marino,Senhit,2020,,https://youtube.com/watch?v=c6ZNo_hVA6E
PER482,Hasta la vista,Serbia,Hurricane,2020,,https://youtube.com/watch?v=7fqZevYLUMs
PER483,Fall From The Sky,Albania,Arilena Ara,2020,,https://youtube.com/watch?v=p-E-kIFPrsY
PER484,Chains On You,Armenia,Athena Manoukian,2020,,https://youtube.com/watch?v=XpQHGMM8c5U
PER485,Tears Getting Sober,Bulgaria,Victoria,2020,,https://youtube.com/watch?v=V_hgYnwZR8I
PER486,Yes,Denmark,Ben & Tan,2020,,https://youtube.com/watch?v=XQ5tMhQIp1E
PER487,Looking Back,Finland,Aksel Kankaanranta,2020,,https://youtube.com/watch?v=EgONBKFQpxE
PER488,Take Me As I Am,Georgia,Tornike Kipiani,2020,,https://youtube.com/watch?v=LjNK4Xywjc4
PER489,Still Breathing,Latvia,Samanta Ta«na,2020,,https://youtube.com/watch?v=ELr6U2fOrnE
PER490,Medo de sentir,Portugal,Elisa,2020,,https://youtube.com/watch?v=eIZ48w4epng
PER491,Rapondez-moi,Switzerland,Gjon's Tears,2020,,https://youtube.com/watch?v=O9GAfFHZE-E
PER492,Zitti e buoni,Italy,Mayneskin,2021,1,https://youtube.com/watch?v=RVH5dn1cxAQ
PER493,Voila ,France,Barbara Pravi,2021,2,https://youtube.com/watch?v=Unj9WbeLzRU
PER494,Tout l'univers,Switzerland,Gjon's Tears,2021,3,https://youtube.com/watch?v=jznH_fltcYA
PER495,10 Years,Iceland,Daa°i & Gagnamagnia°,2021,4,https://youtube.com/watch?v=YSMhu-PrLME
PER496,Shum,Ukraine,Go_A,2021,5,https://youtube.com/watch?v=lqvzDkgok_g
PER497,Dark Side,Finland,Blind Channel,2021,6,https://youtube.com/watch?v=fOPGxQ4fgVw
PER498,Je Me Casse,Malta,Destiny,2021,7,
PER499,Discoteque,Lithuania,The Roop,2021,8,
PER500,Russian Woman,Russia,Manizha,2021,9,https://youtube.com/watch?v=V-Di9A28e5E
PER501,Last Dance,Greece,Stefania,2021,10,https://youtube.com/watch?v=QhZhJFp0vVw
PER502,Growing Up Is Getting Old,Bulgaria,Victoria,2021,11,https://youtube.com/watch?v=B1ZiPrMwMYA
PER503,Love Is On My Side,Portugal,The Black Mamba,2021,12,https://youtube.com/watch?v=qq9SceXaukA
PER504,Sugar,Moldova,Natalia Gordienko,2021,13,https://youtube.com/watch?v=5I_1GTehgkI
PER505,Voices,Sweden,Tusse,2021,14,https://youtube.com/watch?v=NyJRyif6_kk
PER506,Loco Loco,Serbia,Hurricane,2021,15,https://youtube.com/watch?v=Q1lkpIqf7a4
PER507,El Diablo,Cyprus,Elena Tsagrinou,2021,16,https://youtube.com/watch?v=MgGc1F_cOE8
PER508,Set Me Free,Israel,Eden Alene,2021,17,https://youtube.com/watch?v=5Y-blG5ptwo
PER509,Fallen Angel,Norway,TIX,2021,18,https://youtube.com/watch?v=F0r3vmGLzZU
PER510,The Wrong Place,Belgium,Hooverphonic,2021,19,
PER511,Mata Hari,Azerbaijan,Efendi,2021,20,
PER512,Karma,Albania,Anxhela Peristeri,2021,21,https://youtube.com/watch?v=OxniMKVXjqM
PER513,Adrenalina,San Marino,Senhit feat. Flo Rida,2021,22,https://youtube.com/watch?v=TkhiH-JXFPs
PER514,Birth Of A New Age,Netherlands,Jeangu Macrooy,2021,23,https://youtube.com/watch?v=o3Da5cr2fTs
PER515,Voy A Quedarme,Spain,Blas Canta³,2021,24,https://youtube.com/watch?v=thV-vhOQHvQ
PER516,I Don't Feel Hate,Germany,Jendrik,2021,25,https://youtube.com/watch?v=1m0VEAfLV4E
PER517,Embers,United Kingdom,James Newman,2021,26,https://youtube.com/watch?v=VxNOynEJ6wc
PER518,Tick-Tock,Croatia,Albina,2021,27,https://youtube.com/watch?v=vKdxjoNluzY
PER519,Amnesia,Romania,Roxen,2021,28,https://youtube.com/watch?v=5ZWcsj_6Log
PER520,a˜ve os pay hinanden,Denmark,Fyr og Flamme,2021,29,https://youtube.com/watch?v=w2ytONrRyww
PER521,Amen,Austria,Vincent Bueno,2021,30,https://youtube.com/watch?v=xV9_pKj8Df8
PER522,The Lucky One,Estonia,Uku Suviste,2021,31,https://youtube.com/watch?v=mhMZQyv_Fhw
PER523,Amen,Slovenia,Ana Soklia,2021,32,https://youtube.com/watch?v=J9jWDxKQ50s
PER524,The Ride,Poland,Rafaa‚,2021,33,
PER525,Technicolour,Australia,Montaigne,2021,34,
PER526,Here I Stand,North Macedonia,Vasil,2021,35,https://youtube.com/watch?v=WRcSHPb_Qwc
PER527,Omaga,Czech Republic,Benny Cristo,2021,36,https://youtube.com/watch?v=cgGRCTUPsqY
PER528,Maps,Republic of Ireland,Lesley Roy,2021,37,https://youtube.com/watch?v=FY2rxbZNvZ0
PER529,You,Georgia,Tornike Kipiani,2021,38,https://youtube.com/watch?v=5qnogt74_F8
PER530,The Moon Is Rising,Latvia,Samanta Ta«na,2021,39,https://youtube.com/watch?v=btA_Tyiyfhc
PER531,Stefania,Ukraine,Kalush Orchestra,2022,1,https://youtube.com/watch?v=F1fl60ypdLs
PER532,Space Man,United Kingdom,Sam Ryder,2022,2,https://youtube.com/watch?v=RZ0hqX_92zI
PER533,SloMo,Spain,Chanel,2022,3,
PER534,Hold Me Closer,Sweden,Cornelia Jakobs,2022,4,
PER535,In Corpore Sano,Serbia,Konstrakta,2022,5,https://youtube.com/watch?v=nBtQj1MfNYA
PER536,Brividi,Italy,Mahmood & Blanco,2022,6,https://youtube.com/watch?v=blEy4xHuMbY
PER537,TrenuleÈ›ul,Moldova,Zdob È™i Zdub & Advahov Brothers,2022,7,https://youtube.com/watch?v=DUqf_zO2QaI
PER538,Die Together,Greece,Amanda Georgiadi Tenfjord,2022,8,https://youtube.com/watch?v=BWeT0nJpB3Y
PER539,"Saudade, saudade",Portugal,Maro,2022,9,https://youtube.com/watch?v=mZtbD47u6yI
PER540,Give That Wolf a Banana,Norway,Subwoolfer,2022,10,https://youtube.com/watch?v=adCU2rQyDeY
PER541,De Diepte,Netherlands,S10,2022,11,https://youtube.com/watch?v=sgOnu7ux2-k
PER542,River,Poland,Ochman,2022,12,https://youtube.com/watch?v=jRVDZ6446eM
PER543,Hope,Estonia,Stefan,2022,13,https://youtube.com/watch?v=GdTpQmMem8U
PER544,Sentimentai,Lithuania,Monika Liu,2022,14,https://youtube.com/watch?v=BVqSTVJhD44
PER545,Not The Same,Australia,Sheldon Riley,2022,15,
PER546,Fade To Black,Azerbaijan,Nadir Rustamli,2022,16,
PER547,Boys Do Cry,Switzerland,Marius Bear,2022,17,https://youtube.com/watch?v=hq2HCmHv5p4
PER548,Llamame,Romania,WRS,2022,18,https://youtube.com/watch?v=nPpuwy79sHs
PER549,Miss You,Belgium,Jaramie Makiese,2022,19,https://youtube.com/watch?v=sB09advfF6E
PER550,Snap,Armenia,Rosa Linn,2022,20,https://youtube.com/watch?v=DAJ6vfmD_ic
PER551,Jezebel,Finland,The Rasmus,2022,21,https://youtube.com/watch?v=LSi9nfr65FE
PER552,Lights Off,Czech Republic,We Are Domi,2022,22,https://youtube.com/watch?v=EGRzSefqOm0
PER553,Með hækkandi sól,Iceland,Systur,2022,23,https://youtube.com/watch?v=G71c48O3j-s
PER554,Fulenn,France,Alvan & Ahez,2022,24,https://youtube.com/watch?v=H1lcGXwOqJI
PER555,Rockstars,Germany,Malik Harris,2022,25,https://youtube.com/watch?v=2BYIou-oWXA
PER556,Guilty Pleasure,Croatia,Mia Dimaiat,2022,26,https://youtube.com/watch?v=9vBQdtW3mJE
PER557,Circles,North Macedonia,Andrea,2022,27,https://youtube.com/watch?v=zvOihqB4eKk
PER558,Sekret,Albania,Ronela Hajati,2022,28,
PER559,Ela,Cyprus,Andromache,2022,29,
PER560,I.M,Israel,Michael Ben David,2022,30,https://youtube.com/watch?v=XgXjPUsjx4Y
PER561,The Show,Denmark,Reddi,2022,31,https://youtube.com/watch?v=cVg6MpVR2Pw
PER562,Eat Your Salad,Latvia,Citi Za“ni,2022,32,https://youtube.com/watch?v=TM0_0WfuxSk
PER563,Stripper,San Marino,Achille Lauro,2022,33,https://youtube.com/watch?v=vCmX64N_sXM
PER564,That's Rich,Republic of Ireland,Brooke Scullion,2022,34,https://youtube.com/watch?v=Kq2AJrWm04s
PER565,I Am What I Am,Malta,Emma Muscat,2022,35,https://youtube.com/watch?v=DFCFM5qtvms
PER566,Halo,Austria,LUM!X & Pia Maria,2022,36,https://youtube.com/watch?v=dMgjHYwXSuo
PER567,Breathe,Montenegro,Vladana,2022,37,https://youtube.com/watch?v=L-ViRVRiGl0
PER568,Intention,Bulgaria,Intelligent Music Project,2022,38,https://youtube.com/watch?v=EwZTI5AoTg4
PER569,Lock Me In,Georgia,Circus Mircus,2022,39,https://youtube.com/watch?v=zXiZAbqETvk
PER570,Disko,Slovenia,LPS,2022,40,https://youtube.com/watch?v=S1tFqoflsT8
PER571,Tattoo,Sweden,Loreen,2023,1,https://youtube.com/watch?v=Vul5zgC5Yvg
PER572,Cha Cha Cha,Finland,Kaarija,2023,2,https://youtube.com/watch?v=rNrgQm5z07U
PER573,Unicorn,Israel,Noa Kirel,2023,3,https://youtube.com/watch?v=r4wbdKmM3bQ
PER574,Due vite,Italy,Marco Mengoni,2023,4,https://youtube.com/watch?v=_iS4STWKSvk
PER575,Queen of Kings,Norway,Alessandra,2023,5,https://youtube.com/watch?v=vSfffjHjdTk
PER576,Heart of Steel,Ukraine,Tvorchi,2023,6,https://youtube.com/watch?v=neIscK1hNxs
PER577,Because of You,Belgium,Gustaph,2023,7,https://youtube.com/watch?v=ORhEoS6d8e4
PER578,Bridges,Estonia,Alika,2023,8,https://youtube.com/watch?v=wO9g5t3VSuw
PER579,Promise,Australia,Voyager,2023,9,https://youtube.com/watch?v=aqtu2GspT80
PER580,My Sister's Crown,Czech Republic,Vesna,2023,10,https://youtube.com/watch?v=bFm-hw2rUeA
PER581,Stay,Lithuania,Monika Linkyta—,2023,11,https://youtube.com/watch?v=68lbEUDuWUQ
PER582,Break a Broken Heart,Cyprus,Andrew Lambrou,2023,12,https://youtube.com/watch?v=zrFUKqTy4zI
PER583,Mama ŠC!,Croatia,Let 3,2023,13,https://youtube.com/watch?v=AyKj8jA0Qoc
PER584,Future Lover,Armenia,Brunette,2023,14,https://youtube.com/watch?v=Co8ZJIejXBA
PER585,Who The Hell Is Edgar?,Austria,Teya & Salena,2023,15,https://youtube.com/watch?v=ZMmLeV47Au4
PER586,Evidemment,France,La Zarra,2023,16,https://youtube.com/watch?v=GWfbEFH9NvQ
PER587,Eaea,Spain,Blanca Paloma,2023,17,https://youtube.com/watch?v=NGnEoSypBhE
PER588,Soarele și luna,Moldova,Pasha Parfeni,2023,18,https://youtube.com/watch?v=jatc6dNgpjs
PER589,Solo,Poland,Blanka,2023,19,https://youtube.com/watch?v=PvQRpV1-ZhY
PER590,Watergun,Switzerland,Remo Forrer,2023,20,https://youtube.com/watch?v=_8-Sbc_GZMc
PER591,Carpe Diem,Slovenia,Joker Out,2023,21,https://youtube.com/watch?v=zDBSIGITdY4
PER592,Duje,Albania,Albina & Familja Kelmendi,2023,22,https://youtube.com/watch?v=mp8OG4ApocI
PER593,Ai Coraacao,Portugal,Mimicat,2023,23,https://youtube.com/watch?v=-uY37gGPkNU
PER594,Samo mi se spava,Serbia,Luke Black,2023,24,https://youtube.com/watch?v=oeIVwYUge8o
PER595,I Wrote A Song,United Kingdom,Mae Muller,2023,25,https://youtube.com/watch?v=tJ21grjN6wU
PER596,Blood & Glitter,Germany,Lord Of The Lost,2023,26,https://youtube.com/watch?v=5I9CYu668jA
PER597,Power,Iceland,Dilja,2023,27,https://youtube.com/watch?v=BhlJXcCv7gw
PER598,Aija,Latvia,Sudden Lights,2023,28,https://youtube.com/watch?v=xAjVA3qwqGk
PER599,Echo,Georgia,Iru,2023,29,https://youtube.com/watch?v=E8kO-QPippo
PER600,What They Say,Greece,Victor Vernicos,2023,30,https://youtube.com/watch?v=qL0EkId_sTY
PER601,We Are One,Republic of Ireland,Wild Youth,2023,31,https://youtube.com/watch?v=ak5Fevs424Y
PER602,Burning Daylight,Netherlands,Mia Nicolai & Dion Cooper,2023,32,https://youtube.com/watch?v=UOf-oKDlO6A
PER603,Breaking My Heart,Denmark,Reiley,2023,33,https://youtube.com/watch?v=04C8E7PUMQo
PER604,Tell Me More,Azerbaijan,TuralTuranX,2023,34,https://youtube.com/watch?v=5dvsr-L3HgY
PER605,Dance (Our Own Party),Malta,The Busker,2023,35,https://youtube.com/watch?v=Apqwl0ayL6A
PER606,D.G.T. (Off and On),Romania,Theodor Andrei,2023,36,https://youtube.com/watch?v=B0fvqAyKPss
PER607,Like An Animal,San Marino,Piqued Jacks,2023,37,https://youtube.com/watch?v=oYvSh-Aj_SY
